opportunity_id,account_id,stage_name,amount,close_date,created_date,last_modified_date
006000001,001000012,Closed Lost,231751.62,2026-08-21,2026-06-08,2026-06-20
006000002,001000061,Closed Won,106069.72,2026-11-01,2026-04-11,2026-09-29
006000003,001000191,Closed Won,407443.41,2025-12-13,2025-09-10,2025-11-02
006000004,001000168,Prospecting,369563.54,2025-05-19,2024-12-12,2024-12-20
006000005,001000177,Proposal,335320.4,2024-10-20,2024-04-03,2024-04-28
006000006,001000176,Proposal,676763.68,2026-12-15,2026-05-31,2026-06-15
006000007,001000102,Qualification,726314.12,2026-06-08,2026-04-08,2026-05-20
006000008,001000055,Negotiation,449873.74,2026-01-25,2025-12-16,2026-01-06
006000009,001000063,Closed Lost,591298.68,2025-10-23,2025-09-03,2025-10-21
006000010,001000142,Qualification,165883.76,2026-11-03,2026-06-22,2026-09-14
006000011,001000199,Prospecting,675895.62,2023-09-07,2023-04-04,2023-05-11
006000012,001000034,Negotiation,599892.8,2023-02-03,2023-01-06,2023-01-10
006000013,001000004,Proposal,592381.49,2025-06-09,2025-05-17,2025-05-22
006000014,001000068,Prospecting,557579.95,2025-10-03,2025-07-22,2025-07-30
006000015,001000122,Proposal,274719.04,2025-07-29,2025-05-20,2025-07-16
006000016,001000129,Qualification,463254.59,2026-08-07,2026-02-19,2026-06-16
006000017,001000165,Closed Lost,50314.93,2027-01-27,2026-06-21,2026-10-08
006000018,001000176,Prospecting,535738.98,2026-06-26,2026-05-05,2026-05-10
006000019,001000083,Negotiation,53933.26,2026-02-26,2025-08-29,2025-12-04
006000020,001000153,Negotiation,343017.99,2026-02-20,2025-06-30,2025-07-25
006000021,001000180,Prospecting,492761.15,2025-11-16,2025-07-14,2025-09-07
006000022,001000116,Closed Won,313291.11,2026-06-13,2025-11-06,2026-02-20
006000023,001000187,Prospecting,322939.18,2026-09-16,2026-04-24,2026-07-28
006000024,001000040,Closed Won,358329.57,2025-01-03,2024-11-06,2024-11-11
006000025,001000111,Prospecting,555403.02,2023-06-17,2023-05-03,2023-06-09
006000026,001000144,Negotiation,504159.88,2026-12-28,2026-06-15,2026-12-02
006000027,001000193,Proposal,687303.53,2025-05-26,2024-12-15,2025-05-17
006000028,001000080,Proposal,435549.3,2023-06-14,2023-03-12,2023-06-04
006000029,001000124,Qualification,85622.69,2026-12-08,2026-05-19,2026-06-17
006000030,001000196,Qualification,173488.53,2024-07-23,2024-06-25,2024-07-14
006000031,001000169,Closed Won,204248.56,2025-03-25,2024-10-22,2025-01-09
006000032,001000087,Proposal,140147.14,2024-10-09,2024-03-03,2024-03-20
006000033,001000037,Closed Won,728998.69,2024-12-21,2024-08-18,2024-10-05
006000034,001000108,Proposal,122269.91,2024-05-10,2023-11-11,2024-04-04
006000035,001000153,Prospecting,44193.58,2024-05-08,2024-03-29,2024-04-03
006000036,001000070,Proposal,320891.01,2026-12-10,2026-04-27,2026-07-05
006000037,001000056,Closed Won,89794.04,2025-03-09,2024-12-28,2025-02-02
006000038,001000174,Closed Won,367541.4,2026-04-26,2026-03-19,2026-04-02
006000039,001000102,Closed Lost,45812.56,2026-01-11,2025-07-26,2025-09-18
006000040,001000197,Prospecting,195362.03,2026-06-09,2026-03-25,2026-03-25
006000041,001000128,Closed Won,135892.63,2025-03-03,2024-10-22,2025-02-27
006000042,001000144,Closed Won,605619.14,2027-01-08,2026-06-04,2026-12-10
006000043,001000011,Proposal,347516.92,2024-09-08,2024-03-17,2024-08-11
006000044,001000110,Negotiation,533576.73,2026-03-23,2025-10-11,2025-11-09
006000045,001000104,Prospecting,246952.29,2027-01-21,2026-05-16,2026-12-14
006000046,001000177,Closed Lost,70656.76,2023-11-27,2023-07-11,2023-10-30
006000047,001000151,Proposal,63592.08,2026-04-17,2025-10-11,2025-12-06
006000048,001000086,Closed Won,61902.64,2026-08-14,2026-06-02,2026-08-08
006000049,001000131,Qualification,583290.03,2026-06-18,2026-03-20,2026-04-19
006000050,001000027,Prospecting,151967.49,2024-05-09,2024-03-17,2024-03-28
006000051,001000198,Negotiation,350645.04,2026-11-27,2026-05-31,2026-11-07
006000052,001000081,Qualification,55873.26,2026-06-27,2026-01-08,2026-03-19
006000053,001000152,Prospecting,382965.98,2026-04-25,2025-08-17,2025-12-10
006000054,001000010,Prospecting,624613.99,2024-07-06,2024-05-06,2024-06-14
006000055,001000153,Negotiation,349720.19,2025-06-14,2025-05-09,2025-06-06
006000056,001000147,Closed Won,244537.44,2026-03-19,2025-12-17,2025-12-24
006000057,001000116,Prospecting,674849.49,2025-09-12,2025-07-16,2025-08-17
006000058,001000166,Qualification,189569.07,2027-01-12,2026-05-18,2026-09-29
006000059,001000134,Negotiation,276103.98,2025-03-15,2024-08-14,2024-11-26
006000060,001000199,Proposal,450424.97,2025-04-01,2025-02-12,2025-03-05
006000061,001000025,Negotiation,292990.33,2026-08-12,2026-05-13,2026-06-24
006000062,001000021,Negotiation,110364.14,2024-07-01,2024-01-10,2024-06-25
006000063,001000179,Closed Won,101068.99,2025-09-08,2025-03-19,2025-08-09
006000064,001000097,Negotiation,249715.03,2024-11-18,2024-09-17,2024-10-28
006000065,001000172,Proposal,274561.93,2026-01-19,2025-07-30,2025-09-14
006000066,001000055,Proposal,575786.37,2026-06-08,2026-01-29,2026-03-05
006000067,001000040,Prospecting,634099.15,2024-12-20,2024-11-16,2024-12-07
006000068,001000197,Negotiation,449948.6,2026-04-03,2025-12-26,2026-01-18
006000069,001000178,Closed Won,607737.57,2025-03-24,2024-07-28,2024-08-08
006000070,001000106,Proposal,541091.33,2026-04-27,2025-11-18,2026-03-12
006000071,001000060,Negotiation,235553.58,2026-10-20,2026-06-28,2026-08-14
006000072,001000174,Closed Lost,738407.65,2026-11-12,2026-06-06,2026-09-11
006000073,001000129,Negotiation,724869.77,2024-07-25,2024-05-01,2024-06-02
006000074,001000014,Negotiation,656217.12,2025-06-21,2025-04-15,2025-06-20
006000075,001000032,Qualification,573522.04,2025-05-01,2024-08-29,2025-04-17
006000076,001000132,Prospecting,330917.06,2026-10-12,2026-06-06,2026-09-29
006000077,001000090,Closed Lost,314098.19,2026-11-16,2026-04-24,2026-06-23
006000078,001000099,Closed Lost,284309.94,2026-09-08,2026-03-14,2026-04-08
006000079,001000183,Negotiation,594578.57,2024-12-14,2024-11-10,2024-11-28
006000080,001000121,Closed Won,108400.56,2027-02-28,2026-06-29,2026-12-03
006000081,001000002,Closed Lost,19157.89,2023-08-17,2023-05-18,2023-07-27
006000082,001000187,Negotiation,320324.8,2026-10-31,2026-05-22,2026-07-21
006000083,001000078,Prospecting,182637.43,2027-01-14,2026-05-10,2026-05-26
006000084,001000029,Closed Won,377372.77,2025-12-29,2025-12-06,2025-12-26
006000085,001000132,Negotiation,540315.52,2026-02-25,2025-07-06,2025-07-06
006000086,001000158,Proposal,430144.47,2023-07-01,2023-05-04,2023-06-06
006000087,001000093,Prospecting,396914.29,2025-05-07,2025-04-12,2025-04-24
006000088,001000121,Prospecting,293226.58,2026-11-18,2026-06-27,2026-07-01
006000089,001000092,Closed Won,261877.86,2026-09-03,2026-06-27,2026-08-08
006000090,001000035,Prospecting,411780.24,2026-03-16,2025-07-07,2026-03-15
006000091,001000179,Proposal,140797.11,2025-06-26,2025-05-10,2025-06-24
006000092,001000199,Closed Lost,32552.92,2024-06-21,2024-05-15,2024-05-27
006000093,001000011,Proposal,236006.53,2025-10-23,2025-02-08,2025-06-17
006000094,001000010,Closed Won,147372.06,2025-03-28,2025-02-17,2025-03-10
006000095,001000070,Prospecting,279174.28,2026-12-01,2026-04-05,2026-11-20
006000096,001000099,Proposal,144178.83,2027-03-03,2026-06-07,2026-12-12
006000097,001000133,Qualification,66545.57,2025-12-18,2025-10-24,2025-11-20
006000098,001000155,Closed Lost,139440.08,2025-01-28,2024-08-02,2024-08-28
006000099,001000021,Proposal,225251.76,2025-03-15,2024-07-25,2024-09-05
006000100,001000177,Proposal,338111.6,2025-07-23,2024-11-28,2025-02-06
006000101,001000164,Closed Lost,711188.76,2026-01-27,2025-06-19,2025-09-20
006000102,001000132,Closed Won,511160.9,2026-07-09,2026-06-09,2026-06-13
006000103,001000156,Closed Won,331438.75,2022-11-06,2022-09-18,2022-10-03
006000104,001000200,Negotiation,274802.18,2026-01-18,2025-12-18,2025-12-27
006000105,001000174,Proposal,281368.56,2026-07-21,2026-05-28,2026-07-03
006000106,001000036,Negotiation,301535.36,2026-07-14,2026-02-07,2026-04-11
006000107,001000030,Prospecting,143605.8,2026-12-31,2026-06-01,2026-10-22
006000108,001000031,Qualification,198915.88,2026-06-28,2026-02-24,2026-05-13
006000109,001000074,Closed Won,748978.49,2025-08-21,2025-06-05,2025-06-22
006000110,001000019,Proposal,674515.88,2024-12-02,2024-10-04,2024-11-24
006000111,001000175,Closed Lost,739998.12,2026-06-21,2025-12-11,2026-06-10
006000112,001000017,Negotiation,221319.9,2025-10-29,2025-07-26,2025-10-25
006000113,001000182,Closed Lost,480086.52,2026-08-07,2026-03-31,2026-05-01
006000114,001000052,Closed Won,181368.46,2026-01-11,2025-12-14,2025-12-25
006000115,001000142,Negotiation,353217.35,2026-06-22,2026-04-02,2026-06-19
006000116,001000023,Prospecting,301629.19,2026-12-26,2026-05-15,2026-11-27
006000117,001000105,Closed Won,59944.28,2026-07-09,2026-05-18,2026-06-15
006000118,001000120,Closed Won,261663.51,2026-08-12,2026-04-26,2026-08-02
006000119,001000034,Proposal,683480.64,2022-12-03,2022-09-16,2022-11-21
006000120,001000040,Proposal,125665.38,2025-10-01,2025-03-23,2025-08-02
006000121,001000073,Closed Won,191700.96,2026-08-29,2026-03-27,2026-04-28
006000122,001000161,Proposal,402441.13,2026-05-10,2026-01-29,2026-04-14
006000123,001000149,Qualification,495755.99,2025-05-24,2025-04-18,2025-04-19
006000124,001000021,Prospecting,482883.03,2025-09-16,2025-04-19,2025-06-11
006000125,001000197,Negotiation,465490.78,2026-07-20,2025-10-24,2026-03-21
006000126,001000165,Closed Lost,364793.89,2027-02-08,2026-07-01,2026-09-15
006000127,001000117,Prospecting,49635.21,2026-11-15,2026-04-02,2026-08-03
006000128,001000119,Qualification,456961.9,2025-12-20,2025-06-25,2025-09-21
006000129,001000103,Prospecting,281052.45,2026-03-02,2025-12-23,2026-02-01
006000130,001000062,Proposal,204266.4,2026-04-15,2026-01-18,2026-01-30
006000131,001000013,Qualification,291191.63,2027-01-29,2026-06-14,2026-08-16
006000132,001000041,Closed Won,700644.89,2026-05-27,2026-02-04,2026-05-12
006000133,001000041,Proposal,388470.01,2026-10-29,2026-05-10,2026-09-14
006000134,001000006,Prospecting,297965.43,2025-06-26,2025-02-08,2025-04-04
006000135,001000150,Proposal,42652.6,2027-02-28,2026-06-18,2026-11-11
006000136,001000138,Prospecting,85085.33,2025-04-08,2024-11-09,2025-02-10
006000137,001000196,Proposal,38705.58,2022-09-04,2022-05-13,2022-06-28
006000138,001000142,Qualification,292829.87,2026-08-12,2026-03-07,2026-08-10
006000139,001000031,Prospecting,77027.71,2026-06-18,2025-12-12,2026-05-03
006000140,001000094,Closed Won,153298.12,2027-01-22,2026-06-16,2026-10-22
006000141,001000011,Prospecting,107092.1,2025-08-18,2024-12-04,2025-07-25
006000142,001000039,Negotiation,389051.77,2026-05-31,2025-12-04,2026-01-14
006000143,001000101,Closed Lost,555792.92,2026-09-06,2026-03-03,2026-07-10
006000144,001000131,Negotiation,533011.16,2026-11-20,2026-03-07,2026-03-15
006000145,001000095,Proposal,86655.42,2026-08-27,2026-03-08,2026-08-16
006000146,001000007,Negotiation,202820.18,2026-10-09,2026-05-31,2026-06-13
006000147,001000150,Proposal,395553.09,2026-07-19,2026-04-20,2026-07-16
006000148,001000063,Prospecting,711412.85,2025-09-17,2025-05-28,2025-05-30
006000149,001000113,Proposal,117816.29,2026-10-12,2026-06-15,2026-08-06
006000150,001000129,Closed Won,690788.11,2023-10-18,2023-07-25,2023-09-29
006000151,001000054,Negotiation,748601.54,2026-08-14,2026-01-19,2026-04-09
006000152,001000045,Proposal,402179.66,2026-01-22,2025-08-25,2025-12-26
006000153,001000050,Closed Lost,212859.76,2026-07-12,2026-03-04,2026-05-19
006000154,001000198,Qualification,159421.96,2026-12-15,2026-06-21,2026-10-21
006000155,001000090,Negotiation,701191.61,2026-09-02,2026-03-24,2026-04-24
006000156,001000147,Closed Won,287872.17,2026-04-04,2025-09-25,2025-11-01
006000157,001000075,Prospecting,716708.72,2026-07-22,2026-01-11,2026-05-04
006000158,001000168,Qualification,361914.05,2024-10-15,2024-05-15,2024-10-05
006000159,001000179,Qualification,86373.8,2026-01-11,2025-08-25,2025-09-06
006000160,001000172,Closed Lost,173125.38,2025-04-29,2025-03-19,2025-03-25
006000161,001000106,Proposal,356940.91,2025-01-25,2025-01-08,2025-01-25
006000162,001000041,Proposal,701598.91,2027-01-12,2026-04-28,2026-08-08
006000163,001000194,Closed Lost,244269.94,2026-07-14,2026-05-30,2026-06-04
006000164,001000167,Negotiation,403688.45,2025-05-30,2025-02-15,2025-04-09
006000165,001000046,Closed Lost,32073.19,2025-03-29,2024-07-04,2024-10-07
006000166,001000192,Closed Lost,694899.57,2024-06-26,2024-06-07,2024-06-16
006000167,001000146,Negotiation,696698.86,2025-03-31,2024-10-22,2025-02-15
006000168,001000165,Negotiation,372964.75,2027-02-19,2026-06-10,2026-08-18
006000169,001000050,Closed Won,251359.65,2026-10-18,2026-05-25,2026-07-11
006000170,001000004,Closed Won,594121.91,2024-12-04,2024-08-22,2024-11-08
006000171,001000164,Closed Won,621107.42,2026-07-31,2026-01-30,2026-02-21
006000172,001000103,Closed Won,142661.99,2025-07-03,2024-10-17,2025-03-31
006000173,001000064,Prospecting,290762.92,2025-09-16,2025-04-18,2025-07-11
006000174,001000078,Negotiation,431793.62,2026-08-20,2026-02-02,2026-07-29
006000175,001000061,Prospecting,93077.51,2026-06-08,2026-03-04,2026-04-24
006000176,001000176,Negotiation,671863.19,2026-11-29,2026-06-08,2026-07-08
006000177,001000164,Closed Lost,224803.01,2026-07-28,2026-03-22,2026-05-17
006000178,001000035,Proposal,343959.11,2026-09-10,2026-01-26,2026-07-24
006000179,001000141,Closed Lost,569226.14,2026-02-03,2025-09-15,2025-10-05
006000180,001000135,Proposal,529305.76,2024-08-29,2024-06-18,2024-06-25
006000181,001000141,Closed Lost,155606.8,2025-10-14,2025-07-07,2025-08-17
006000182,001000134,Proposal,511819.95,2027-01-11,2026-04-21,2026-06-06
006000183,001000131,Proposal,46448.68,2026-09-07,2026-01-23,2026-05-19
006000184,001000145,Prospecting,349471.84,2025-01-22,2024-12-27,2025-01-08
006000185,001000066,Closed Won,560624.34,2026-04-18,2026-02-25,2026-02-27
006000186,001000109,Proposal,52501.13,2025-12-22,2025-11-02,2025-12-02
006000187,001000009,Qualification,139086.09,2026-07-12,2025-11-24,2026-02-27
006000188,001000098,Proposal,688250.73,2024-09-19,2024-02-25,2024-03-16
006000189,001000175,Closed Lost,656542.52,2023-06-23,2022-12-12,2023-01-11
006000190,001000046,Closed Lost,297828.68,2023-05-07,2022-12-29,2022-12-29
006000191,001000194,Prospecting,227280.43,2027-01-21,2026-06-03,2026-10-17
006000192,001000098,Closed Won,189396.47,2024-03-25,2023-12-22,2024-01-26
006000193,001000049,Closed Lost,545142.84,2025-12-05,2025-11-04,2025-11-30
006000194,001000158,Closed Won,663398.68,2022-10-03,2022-05-18,2022-07-09
006000195,001000018,Prospecting,30014.33,2023-11-20,2023-07-03,2023-07-14
006000196,001000103,Proposal,407121.06,2024-10-17,2024-07-23,2024-09-25
006000197,001000075,Qualification,687715.79,2026-11-12,2026-05-18,2026-10-12
006000198,001000154,Closed Won,614694.95,2025-11-26,2025-06-10,2025-07-16
006000199,001000170,Negotiation,313102.35,2026-03-26,2026-02-08,2026-03-15
006000200,001000152,Closed Won,684125.36,2026-09-09,2025-12-15,2026-01-08
006000201,001000089,Closed Lost,505150.18,2026-07-08,2026-01-11,2026-07-08
006000202,001000107,Proposal,228416.93,2026-08-10,2025-11-26,2026-03-29
006000203,001000058,Proposal,532144.71,2026-11-15,2026-03-08,2026-10-28
006000204,001000015,Negotiation,726000.71,2026-03-10,2025-12-17,2026-02-04
006000205,001000063,Qualification,251045.93,2025-12-27,2025-04-26,2025-11-28
006000206,001000095,Prospecting,544815.61,2026-02-19,2026-01-09,2026-01-26
006000207,001000097,Closed Won,454176.92,2024-11-11,2024-07-23,2024-11-02
006000208,001000195,Negotiation,505230.64,2027-01-06,2026-04-21,2026-08-05
006000209,001000086,Proposal,682200.65,2026-02-18,2025-10-29,2026-01-31
006000210,001000031,Closed Won,566976.4,2025-11-27,2025-07-31,2025-09-19
006000211,001000062,Negotiation,582757.84,2026-11-01,2026-02-21,2026-07-07
006000212,001000167,Proposal,199863.41,2027-03-13,2026-06-17,2027-02-10
006000213,001000026,Closed Won,543198.11,2026-11-12,2026-05-18,2026-07-09
006000214,001000095,Proposal,39058.01,2026-11-06,2026-07-01,2026-08-07
006000215,001000005,Qualification,701394.9,2026-09-29,2026-02-13,2026-04-29
006000216,001000040,Qualification,176363.88,2026-07-29,2026-03-11,2026-07-16
006000217,001000141,Closed Won,515210.73,2026-07-17,2025-10-25,2026-07-03
006000218,001000118,Qualification,597256.76,2024-07-23,2024-04-28,2024-07-06
006000219,001000126,Qualification,667576.57,2026-08-13,2026-06-29,2026-08-01
006000220,001000009,Closed Won,60376.16,2025-10-28,2025-10-10,2025-10-23
006000221,001000036,Closed Won,177417.88,2026-07-08,2026-04-07,2026-04-08
006000222,001000056,Negotiation,283034.52,2026-10-06,2026-01-17,2026-09-23
006000223,001000005,Prospecting,415974.45,2023-01-01,2022-12-09,2022-12-25
006000224,001000185,Qualification,733222.11,2023-05-04,2022-09-11,2023-04-05
006000225,001000046,Prospecting,76753.85,2023-06-29,2023-02-11,2023-04-01
006000226,001000159,Negotiation,612334.72,2026-09-13,2026-02-07,2026-02-27
006000227,001000096,Closed Lost,346953.32,2024-11-22,2024-07-15,2024-09-29
006000228,001000176,Closed Won,65059.6,2026-07-28,2026-06-27,2026-07-02
006000229,001000104,Proposal,416762.57,2024-05-02,2024-04-13,2024-04-18
006000230,001000022,Proposal,328262.69,2025-09-04,2025-07-03,2025-07-08
006000231,001000059,Qualification,651747.08,2026-05-27,2025-09-11,2026-01-27
006000232,001000012,Closed Lost,514899.41,2026-05-15,2026-04-14,2026-04-25
006000233,001000081,Prospecting,159332.8,2026-03-14,2025-08-08,2025-08-27
006000234,001000077,Qualification,184151.78,2026-05-15,2025-11-12,2026-02-18
006000235,001000194,Closed Won,593921.07,2026-07-30,2026-06-05,2026-07-07
006000236,001000191,Closed Lost,45003.84,2025-08-20,2025-04-09,2025-04-28
006000237,001000088,Negotiation,462329.6,2026-12-03,2026-04-29,2026-11-13
006000238,001000084,Prospecting,208628.64,2025-09-24,2025-01-01,2025-04-27
006000239,001000092,Negotiation,284693.11,2026-12-18,2026-05-23,2026-06-13
006000240,001000198,Negotiation,599551.1,2026-01-16,2025-11-20,2025-12-07
006000241,001000040,Proposal,588998.26,2025-08-11,2025-01-09,2025-03-31
006000242,001000093,Prospecting,8870.44,2024-10-28,2024-02-29,2024-05-31
006000243,001000195,Qualification,103717.72,2026-12-08,2026-04-17,2026-08-09
006000244,001000143,Negotiation,308992.91,2023-12-05,2023-10-06,2023-10-28
006000245,001000142,Prospecting,450542.63,2026-09-03,2026-02-03,2026-02-06
006000246,001000075,Proposal,585480.98,2026-11-11,2026-06-25,2026-11-05
006000247,001000044,Closed Won,131278.8,2025-07-27,2025-02-08,2025-04-17
006000248,001000127,Prospecting,129569.51,2026-10-06,2026-02-18,2026-05-05
006000249,001000124,Closed Won,274038.06,2026-11-24,2026-03-01,2026-06-09
006000250,001000118,Prospecting,231970.21,2026-02-06,2025-08-05,2026-01-10
006000251,001000098,Closed Won,250508.58,2024-07-21,2023-11-29,2024-06-24
006000252,001000167,Closed Lost,106412.73,2026-03-29,2025-12-02,2026-02-01
006000253,001000081,Qualification,301688.49,2026-04-19,2025-11-06,2026-04-17
006000254,001000126,Closed Lost,587570.91,2026-02-15,2025-07-23,2025-10-02
006000255,001000101,Proposal,699390.03,2026-04-28,2026-01-11,2026-04-08
006000256,001000197,Negotiation,714988.44,2026-10-02,2026-06-02,2026-07-28
006000257,001000075,Closed Won,56523.21,2026-12-31,2026-04-05,2026-06-15
006000258,001000163,Proposal,193247.86,2025-09-17,2025-01-29,2025-08-19
006000259,001000097,Prospecting,743071.96,2026-04-20,2025-09-12,2026-01-26
006000260,001000130,Closed Lost,652877.12,2026-02-04,2026-01-02,2026-01-25
006000261,001000180,Closed Won,404994.96,2026-03-06,2026-01-07,2026-01-13
006000262,001000197,Qualification,500196.95,2026-02-08,2026-01-02,2026-02-07
006000263,001000166,Closed Won,302715.22,2026-12-11,2026-04-20,2026-05-17
006000264,001000003,Prospecting,170390.8,2026-05-17,2026-01-09,2026-05-03
006000265,001000096,Proposal,580394.96,2025-10-03,2025-07-03,2025-08-16
006000266,001000007,Proposal,225097.0,2025-01-06,2024-10-24,2024-11-11
006000267,001000090,Proposal,344222.81,2026-11-23,2026-03-06,2026-08-31
006000268,001000122,Prospecting,542885.49,2025-01-29,2024-08-04,2024-08-21
006000269,001000077,Prospecting,534530.35,2024-05-01,2023-10-24,2024-04-06
006000270,001000028,Closed Won,127443.8,2026-08-20,2026-05-08,2026-07-17
006000271,001000041,Proposal,322645.19,2026-09-01,2026-04-21,2026-08-02
006000272,001000162,Qualification,482156.76,2026-11-30,2026-04-27,2026-05-04
006000273,001000189,Negotiation,152006.7,2027-01-10,2026-05-21,2026-08-28
006000274,001000002,Closed Won,158309.44,2026-07-07,2026-05-21,2026-06-26
006000275,001000027,Closed Won,404982.31,2025-11-24,2025-05-27,2025-07-16
006000276,001000118,Prospecting,504672.56,2026-08-07,2026-02-13,2026-07-15
006000277,001000100,Negotiation,442318.51,2026-01-05,2025-06-24,2025-10-19
006000278,001000159,Qualification,506823.7,2026-12-07,2026-06-23,2026-11-27
006000279,001000152,Prospecting,104791.09,2025-06-18,2025-02-01,2025-04-20
006000280,001000030,Qualification,521610.22,2026-12-30,2026-05-31,2026-09-15
006000281,001000153,Prospecting,290863.92,2025-01-16,2024-04-27,2024-07-24
006000282,001000143,Qualification,220181.91,2025-02-23,2024-08-31,2024-12-24
006000283,001000159,Prospecting,272484.18,2026-08-23,2025-12-03,2026-02-10
006000284,001000050,Closed Won,723052.67,2027-03-13,2026-06-18,2027-01-13
006000285,001000176,Proposal,534056.07,2027-01-25,2026-05-05,2026-07-29
006000286,001000022,Negotiation,597931.26,2025-05-01,2024-11-18,2024-11-26
006000287,001000071,Qualification,220059.38,2027-02-25,2026-06-21,2026-11-12
006000288,001000191,Closed Won,374008.44,2025-09-04,2025-06-24,2025-07-08
006000289,001000069,Closed Won,618345.69,2025-09-15,2025-08-10,2025-09-07
006000290,001000140,Qualification,321740.24,2025-01-10,2024-07-27,2024-08-04
006000291,001000116,Qualification,647338.72,2025-06-23,2024-10-27,2025-06-05
006000292,001000031,Closed Won,181524.81,2026-07-11,2025-11-19,2025-12-31
006000293,001000158,Prospecting,158931.64,2023-07-28,2023-06-13,2023-07-19
006000294,001000090,Negotiation,449658.98,2026-08-24,2026-02-25,2026-08-24
006000295,001000075,Qualification,204170.58,2026-07-04,2026-05-02,2026-05-19
006000296,001000193,Closed Won,689482.69,2025-10-21,2025-08-03,2025-08-19
006000297,001000064,Prospecting,244962.05,2025-04-30,2024-09-26,2025-01-29
006000298,001000037,Negotiation,205194.28,2026-02-07,2025-07-15,2025-11-07
006000299,001000020,Negotiation,660693.19,2023-06-26,2022-11-17,2023-03-28
006000300,001000192,Qualification,702570.4,2026-01-14,2025-05-12,2026-01-10
006000301,001000125,Proposal,6842.45,2024-06-11,2023-10-06,2024-03-16
006000302,001000171,Closed Won,638329.15,2027-01-08,2026-06-04,2026-07-29
006000303,001000110,Closed Won,373562.64,2025-09-07,2025-03-31,2025-06-25
006000304,001000141,Negotiation,426775.87,2026-12-22,2026-06-15,2026-12-06
006000305,001000196,Prospecting,79183.18,2027-02-27,2026-06-22,2026-06-26
006000306,001000032,Closed Lost,122697.72,2025-03-20,2025-03-05,2025-03-18
006000307,001000052,Closed Lost,682508.37,2026-11-08,2026-05-23,2026-07-02
006000308,001000071,Prospecting,273524.36,2026-11-29,2026-05-08,2026-10-25
006000309,001000167,Qualification,300274.47,2026-03-30,2025-11-16,2026-03-05
006000310,001000168,Prospecting,75911.84,2025-02-10,2024-05-27,2024-07-05
006000311,001000034,Negotiation,391985.97,2024-12-11,2024-11-22,2024-11-22
006000312,001000179,Proposal,94842.37,2026-05-21,2026-02-28,2026-04-30
006000313,001000019,Qualification,71551.66,2023-01-08,2022-11-02,2022-12-12
006000314,001000095,Closed Won,107161.32,2026-08-30,2026-06-08,2026-08-29
006000315,001000174,Prospecting,400228.67,2026-01-24,2025-10-17,2025-12-12
006000316,001000090,Closed Won,472919.63,2026-10-03,2026-02-20,2026-07-27
006000317,001000176,Proposal,166847.29,2026-06-16,2026-03-22,2026-04-06
006000318,001000151,Closed Won,266894.05,2026-08-05,2026-02-10,2026-03-17
006000319,001000064,Qualification,67765.29,2026-01-12,2025-08-05,2025-08-11
006000320,001000169,Closed Won,158057.06,2026-04-23,2026-01-02,2026-04-07
006000321,001000101,Qualification,45654.0,2026-10-26,2026-01-31,2026-08-16
006000322,001000029,Qualification,480371.34,2023-05-20,2023-04-29,2023-05-10
006000323,001000082,Prospecting,646306.43,2027-01-06,2026-05-21,2026-08-22
006000324,001000140,Closed Won,573230.82,2023-08-28,2023-08-05,2023-08-23
006000325,001000018,Prospecting,165728.49,2024-03-01,2023-07-27,2023-12-03
006000326,001000074,Negotiation,378281.48,2026-08-31,2026-01-12,2026-07-10
006000327,001000103,Prospecting,404740.79,2026-05-20,2026-02-16,2026-03-23
006000328,001000022,Proposal,385922.0,2025-01-16,2024-10-14,2024-12-21
006000329,001000084,Proposal,477549.21,2026-03-18,2026-01-29,2026-02-17
006000330,001000179,Proposal,715303.84,2025-10-07,2025-08-24,2025-09-08
006000331,001000023,Closed Lost,91410.0,2026-07-31,2026-06-18,2026-07-07
006000332,001000171,Closed Won,556790.34,2025-07-14,2025-06-23,2025-06-27
006000333,001000180,Prospecting,374827.63,2024-10-15,2024-05-21,2024-07-02
006000334,001000096,Prospecting,586937.37,2024-10-24,2024-08-10,2024-08-13
006000335,001000086,Closed Won,207625.54,2026-01-10,2025-08-14,2026-01-08
006000336,001000161,Prospecting,344122.34,2025-05-25,2025-04-12,2025-05-13
006000337,001000146,Qualification,122195.94,2023-09-16,2023-07-04,2023-08-02
006000338,001000190,Negotiation,37808.24,2026-01-09,2025-08-22,2025-09-02
006000339,001000121,Proposal,690568.78,2026-07-27,2026-06-24,2026-07-20
006000340,001000058,Proposal,315111.17,2026-06-06,2025-12-10,2026-02-17
006000341,001000020,Negotiation,93953.69,2026-03-30,2026-02-17,2026-02-28
006000342,001000058,Closed Won,736153.33,2025-03-08,2025-01-17,2025-02-15
006000343,001000073,Closed Won,236469.84,2026-02-22,2025-06-19,2025-06-21
006000344,001000095,Qualification,425036.02,2026-06-26,2026-02-07,2026-06-05
006000345,001000095,Negotiation,372553.7,2026-09-30,2026-06-07,2026-09-08
006000346,001000140,Closed Won,187619.52,2023-11-01,2023-03-22,2023-03-28
006000347,001000060,Negotiation,478776.67,2026-11-02,2026-04-30,2026-04-30
006000348,001000195,Closed Won,637509.46,2026-12-15,2026-06-26,2026-07-22
006000349,001000053,Negotiation,182434.86,2026-01-28,2025-12-14,2025-12-23
006000350,001000183,Qualification,37705.7,2025-09-29,2025-02-15,2025-08-13
006000351,001000096,Proposal,562185.05,2025-08-27,2025-06-25,2025-07-12
006000352,001000164,Closed Won,60748.71,2026-04-13,2026-02-26,2026-03-25
006000353,001000170,Closed Lost,181394.94,2026-07-27,2026-02-01,2026-05-12
006000354,001000180,Closed Won,248057.42,2025-05-27,2024-12-24,2025-02-21
006000355,001000020,Closed Lost,106403.33,2025-10-29,2025-08-20,2025-09-08
006000356,001000028,Qualification,352211.06,2026-08-13,2026-05-29,2026-08-05
006000357,001000092,Closed Lost,159688.99,2027-02-07,2026-05-31,2026-08-06
006000358,001000031,Prospecting,606659.69,2025-11-06,2025-10-02,2025-10-15
006000359,001000084,Prospecting,534812.26,2026-12-29,2026-06-15,2026-09-24
006000360,001000132,Prospecting,227636.33,2026-07-15,2026-04-02,2026-04-05
006000361,001000104,Closed Won,419185.55,2026-01-21,2025-09-01,2025-09-25
006000362,001000119,Prospecting,596388.26,2025-01-01,2024-12-11,2024-12-12
006000363,001000200,Closed Lost,102382.85,2025-08-04,2025-01-11,2025-07-05
006000364,001000162,Closed Lost,67609.37,2026-10-31,2026-06-06,2026-06-25
006000365,001000006,Closed Lost,152324.0,2026-10-29,2026-03-01,2026-09-24
006000366,001000033,Prospecting,636220.2,2024-06-20,2024-04-04,2024-04-09
006000367,001000119,Prospecting,693478.14,2026-05-31,2025-10-26,2026-03-02
006000368,001000008,Proposal,322864.69,2025-12-19,2025-08-17,2025-12-11
006000369,001000048,Qualification,337278.52,2023-08-05,2023-07-04,2023-07-19
006000370,001000166,Qualification,311934.19,2027-03-02,2026-06-15,2026-07-16
006000371,001000023,Qualification,107240.83,2026-07-25,2026-03-05,2026-07-22
006000372,001000005,Closed Lost,587527.25,2025-08-06,2024-11-19,2025-07-25
006000373,001000089,Closed Lost,379282.98,2026-01-24,2025-08-24,2025-10-09
006000374,001000007,Proposal,168170.04,2025-06-25,2025-05-12,2025-06-11
006000375,001000136,Proposal,440071.75,2025-09-29,2025-06-25,2025-07-07
006000376,001000064,Closed Won,203562.62,2026-06-13,2026-05-01,2026-05-15
006000377,001000148,Closed Won,599056.06,2024-09-20,2024-06-09,2024-07-01
006000378,001000061,Negotiation,605626.62,2026-12-27,2026-06-12,2026-11-10
006000379,001000008,Closed Won,267003.2,2024-09-29,2024-06-10,2024-09-25
006000380,001000127,Negotiation,135789.79,2026-02-18,2025-12-19,2025-12-22
006000381,001000060,Negotiation,19846.35,2026-07-14,2026-06-29,2026-07-09
006000382,001000158,Qualification,102214.71,2026-08-06,2026-04-23,2026-08-03
006000383,001000083,Prospecting,115045.45,2025-06-25,2025-04-15,2025-06-21
006000384,001000094,Closed Lost,283325.13,2026-04-27,2026-02-20,2026-04-04
006000385,001000078,Proposal,732016.2,2027-01-27,2026-06-03,2026-12-22
006000386,001000164,Closed Lost,488639.3,2026-02-22,2025-08-09,2025-10-05
006000387,001000171,Negotiation,135636.96,2026-03-11,2025-09-27,2025-10-29
006000388,001000046,Closed Won,711847.14,2026-01-30,2025-06-29,2026-01-12
006000389,001000146,Prospecting,453779.56,2026-09-16,2026-05-11,2026-06-06
006000390,001000128,Prospecting,560280.78,2024-07-15,2024-01-05,2024-03-26
006000391,001000043,Negotiation,722494.32,2025-06-21,2024-10-21,2024-10-23
006000392,001000068,Qualification,521416.18,2024-12-20,2024-07-27,2024-08-23
006000393,001000185,Prospecting,292523.14,2025-03-23,2024-12-13,2025-02-03
006000394,001000127,Closed Won,266667.22,2026-05-21,2026-03-16,2026-05-16
006000395,001000148,Closed Won,516934.5,2024-01-14,2023-05-13,2023-05-31
006000396,001000009,Qualification,242444.1,2025-12-30,2025-11-08,2025-11-29
006000397,001000044,Closed Won,124873.85,2024-03-10,2024-01-08,2024-01-29
006000398,001000153,Closed Lost,670453.5,2025-11-09,2025-10-10,2025-10-23
006000399,001000168,Qualification,667866.19,2024-05-11,2024-03-30,2024-04-05
006000400,001000085,Qualification,146538.27,2026-11-21,2026-06-24,2026-09-04
006000401,001000077,Qualification,41978.41,2026-09-10,2026-06-09,2026-06-15
006000402,001000093,Prospecting,70283.13,2026-11-09,2026-02-22,2026-06-04
006000403,001000025,Prospecting,132269.98,2026-07-13,2026-05-18,2026-06-17
006000404,001000030,Proposal,301113.17,2026-10-25,2026-05-28,2026-06-20
006000405,001000165,Negotiation,142736.51,2027-01-08,2026-06-18,2026-08-04
006000406,001000115,Prospecting,332606.62,2025-06-13,2025-02-03,2025-04-12
006000407,001000145,Prospecting,565415.18,2023-12-18,2023-10-21,2023-12-02
006000408,001000089,Closed Won,313420.06,2026-07-27,2026-03-18,2026-04-02
006000409,001000100,Closed Won,316880.9,2026-07-24,2026-03-11,2026-07-10
006000410,001000077,Prospecting,677569.01,2024-02-16,2023-11-18,2023-12-03
006000411,001000194,Proposal,712050.8,2026-07-31,2026-03-30,2026-07-11
006000412,001000050,Prospecting,320414.3,2026-09-08,2026-05-13,2026-08-26
006000413,001000161,Prospecting,448310.5,2025-03-09,2025-01-19,2025-01-24
006000414,001000100,Negotiation,416280.37,2025-10-04,2025-01-28,2025-09-19
006000415,001000004,Closed Won,469178.16,2027-02-12,2026-06-28,2026-07-26
006000416,001000107,Prospecting,427112.48,2026-08-23,2026-06-18,2026-07-01
006000417,001000145,Closed Won,590380.49,2026-10-14,2026-04-06,2026-07-20
006000418,001000068,Proposal,366760.67,2026-09-22,2026-01-08,2026-01-27
006000419,001000045,Qualification,112170.24,2026-01-03,2025-11-30,2025-12-25
006000420,001000085,Closed Won,41721.78,2026-06-15,2026-01-14,2026-04-19
006000421,001000006,Proposal,596270.78,2024-09-19,2024-04-14,2024-08-17
006000422,001000179,Closed Won,729510.0,2025-11-04,2025-08-13,2025-09-20
006000423,001000191,Proposal,620238.38,2025-06-04,2024-10-19,2025-03-22
006000424,001000166,Prospecting,334078.87,2027-01-28,2026-05-10,2026-11-17
006000425,001000015,Negotiation,123434.47,2026-03-22,2025-08-13,2025-09-16
006000426,001000200,Closed Won,660102.78,2023-03-25,2022-12-12,2023-01-05
006000427,001000052,Closed Won,190870.24,2025-12-16,2025-11-06,2025-11-29
006000428,001000181,Qualification,279422.19,2026-01-01,2025-05-28,2025-11-06
006000429,001000032,Closed Won,185243.88,2025-12-06,2025-04-07,2025-05-22
006000430,001000122,Negotiation,265571.13,2023-05-17,2022-12-21,2023-01-13
006000431,001000073,Prospecting,41990.03,2026-06-26,2026-02-22,2026-06-11
006000432,001000057,Negotiation,509882.96,2026-02-03,2025-06-24,2025-11-02
006000433,001000006,Closed Won,725518.08,2026-06-03,2026-05-15,2026-05-30
006000434,001000034,Negotiation,452850.75,2022-10-19,2022-06-12,2022-08-15
006000435,001000156,Closed Won,232567.48,2026-05-29,2025-12-25,2026-04-12
006000436,001000097,Closed Won,346953.52,2025-08-29,2024-12-19,2025-03-06
006000437,001000174,Negotiation,469586.54,2025-12-22,2025-12-04,2025-12-20
006000438,001000170,Closed Lost,630336.92,2026-07-29,2026-02-12,2026-03-11
006000439,001000124,Prospecting,741328.92,2026-12-07,2026-06-09,2026-08-18
006000440,001000067,Closed Won,714379.91,2026-02-23,2025-09-09,2025-10-27
006000441,001000039,Negotiation,184025.05,2025-10-09,2025-03-02,2025-08-18
006000442,001000082,Closed Won,542355.98,2026-06-10,2025-12-26,2026-03-02
006000443,001000108,Proposal,553865.41,2025-09-09,2025-05-20,2025-07-02
006000444,001000186,Closed Won,516306.99,2026-11-12,2026-04-28,2026-09-04
006000445,001000077,Closed Won,631275.83,2025-02-24,2024-09-12,2024-10-06
006000446,001000121,Prospecting,197695.63,2026-10-16,2026-06-30,2026-09-25
006000447,001000086,Closed Won,170578.87,2026-04-25,2025-11-04,2026-02-19
006000448,001000085,Proposal,441250.17,2026-03-06,2025-12-21,2026-02-19
006000449,001000014,Closed Won,439763.09,2025-10-19,2025-08-29,2025-09-28
006000450,001000050,Negotiation,651285.83,2026-09-30,2026-04-16,2026-07-30
006000451,001000014,Closed Won,117329.95,2023-10-28,2023-04-21,2023-08-03
006000452,001000146,Closed Won,740053.7,2024-03-19,2023-09-25,2023-11-10
006000453,001000200,Prospecting,252808.94,2024-04-03,2023-10-11,2024-03-21
006000454,001000015,Prospecting,208778.26,2026-07-10,2026-03-31,2026-06-12
006000455,001000196,Qualification,589982.12,2026-08-12,2026-06-13,2026-06-21
006000456,001000158,Proposal,324910.24,2025-05-27,2024-09-10,2025-03-25
006000457,001000002,Prospecting,153563.62,2024-04-27,2024-04-05,2024-04-15
006000458,001000194,Closed Won,146979.65,2026-06-20,2026-06-03,2026-06-10
006000459,001000058,Closed Won,261540.58,2024-06-20,2024-04-14,2024-06-02
006000460,001000129,Negotiation,129430.04,2023-12-05,2023-06-21,2023-09-03
006000461,001000117,Closed Won,449295.59,2026-08-12,2025-12-18,2026-08-02
006000462,001000176,Closed Lost,260335.97,2026-11-25,2026-05-11,2026-11-19
006000463,001000049,Qualification,680636.21,2026-04-26,2026-04-02,2026-04-09
006000464,001000058,Closed Won,102748.3,2026-01-19,2025-12-24,2026-01-11
006000465,001000130,Qualification,278110.63,2024-06-08,2023-11-14,2024-04-25
006000466,001000066,Closed Won,469235.41,2026-05-07,2026-03-29,2026-04-04
006000467,001000168,Closed Won,40935.12,2024-10-02,2024-02-17,2024-06-09
006000468,001000098,Prospecting,193290.03,2026-03-23,2025-12-20,2026-01-15
006000469,001000178,Closed Won,11931.89,2026-03-08,2026-01-01,2026-03-08
006000470,001000070,Negotiation,527041.13,2026-06-22,2026-04-15,2026-06-19
006000471,001000185,Negotiation,215616.54,2023-12-06,2023-03-12,2023-06-21
006000472,001000156,Qualification,200930.47,2025-04-06,2024-12-09,2025-01-23
006000473,001000181,Proposal,124478.33,2026-08-12,2025-11-16,2026-03-02
006000474,001000177,Closed Lost,251299.69,2023-01-02,2022-12-12,2023-01-02
006000475,001000023,Closed Lost,627247.96,2026-08-18,2026-05-19,2026-05-30
006000476,001000200,Negotiation,544054.89,2023-10-02,2023-05-09,2023-07-07
006000477,001000117,Closed Lost,225536.52,2026-06-06,2026-04-27,2026-05-03
006000478,001000045,Closed Won,639925.27,2026-02-28,2025-09-06,2025-12-24
006000479,001000190,Prospecting,639178.2,2025-09-27,2025-09-08,2025-09-12
006000480,001000170,Negotiation,249852.32,2026-10-02,2026-05-03,2026-05-26
006000481,001000096,Closed Won,141237.72,2025-07-30,2024-12-23,2025-04-18
006000482,001000070,Closed Won,518977.31,2026-12-31,2026-05-15,2026-10-28
006000483,001000043,Prospecting,523646.56,2023-07-08,2023-04-03,2023-04-16
006000484,001000107,Closed Lost,364592.76,2027-02-05,2026-06-11,2026-07-27
006000485,001000157,Proposal,272156.19,2025-03-17,2024-12-26,2025-02-25
006000486,001000125,Prospecting,311406.78,2023-08-18,2023-07-02,2023-07-18
006000487,001000168,Proposal,529903.29,2026-01-22,2025-09-15,2025-12-10
006000488,001000133,Negotiation,526932.24,2025-12-30,2025-05-08,2025-10-24
006000489,001000187,Qualification,262583.37,2026-11-25,2026-04-27,2026-06-04
006000490,001000143,Closed Won,461620.94,2023-12-10,2023-09-06,2023-11-09
006000491,001000121,Closed Won,652714.65,2027-03-16,2026-06-23,2026-12-04
006000492,001000062,Proposal,212227.06,2026-08-01,2026-03-25,2026-06-29
006000493,001000104,Closed Won,63728.79,2026-01-14,2025-05-15,2025-06-06
006000494,001000128,Proposal,93436.6,2025-07-13,2025-06-19,2025-06-22
006000495,001000104,Proposal,420062.6,2024-04-17,2024-02-16,2024-04-06
006000496,001000155,Closed Lost,479965.9,2026-08-03,2026-04-05,2026-06-27
006000497,001000172,Proposal,258936.38,2025-01-24,2024-09-17,2025-01-11
006000498,001000085,Negotiation,466719.69,2026-07-29,2026-01-09,2026-07-11
006000499,001000116,Prospecting,570693.36,2025-03-30,2025-03-14,2025-03-24
006000500,001000091,Closed Won,723503.09,2026-01-16,2025-06-24,2025-12-20
006000501,001000028,Prospecting,127295.75,2026-12-04,2026-04-24,2026-05-21
006000502,001000066,Negotiation,144719.83,2025-06-15,2025-02-10,2025-04-09
006000503,001000049,Closed Won,85285.48,2026-05-16,2026-04-08,2026-05-15
006000504,001000032,Closed Won,340625.92,2025-12-20,2025-09-28,2025-11-30
006000505,001000002,Negotiation,41185.85,2025-04-24,2024-08-05,2025-04-22
006000506,001000200,Closed Lost,137015.82,2026-04-23,2026-01-10,2026-04-13
006000507,001000033,Prospecting,494853.75,2026-04-15,2025-10-18,2026-02-24
006000508,001000099,Proposal,458700.3,2026-10-27,2026-06-07,2026-08-16
006000509,001000102,Closed Lost,728016.28,2026-06-28,2026-04-06,2026-04-23
006000510,001000106,Negotiation,665395.46,2026-07-14,2026-01-27,2026-06-16
006000511,001000081,Closed Won,701956.5,2026-08-19,2026-04-15,2026-05-10
006000512,001000054,Negotiation,221481.72,2025-07-13,2025-04-22,2025-05-14
006000513,001000129,Negotiation,479473.69,2024-05-24,2023-11-11,2024-04-02
006000514,001000123,Negotiation,707291.87,2026-11-23,2026-04-09,2026-09-28
006000515,001000192,Closed Won,402757.59,2025-07-27,2025-07-06,2025-07-22
006000516,001000028,Prospecting,113268.4,2026-08-13,2026-07-01,2026-07-13
006000517,001000069,Closed Won,124896.87,2025-10-10,2025-05-20,2025-06-26
006000518,001000016,Closed Won,224879.72,2026-03-05,2026-02-02,2026-02-24
006000519,001000116,Prospecting,651686.35,2026-07-04,2026-02-25,2026-06-04
006000520,001000061,Negotiation,598641.07,2026-11-21,2026-06-12,2026-06-24
006000521,001000098,Proposal,717742.97,2026-05-10,2025-11-16,2026-04-06
006000522,001000014,Prospecting,192249.14,2026-04-26,2025-08-28,2026-03-28
006000523,001000058,Closed Lost,529948.66,2026-04-18,2025-09-27,2026-04-08
006000524,001000151,Negotiation,454523.3,2025-11-26,2025-06-14,2025-10-06
006000525,001000046,Closed Lost,60479.4,2023-06-18,2023-04-03,2023-05-21
006000526,001000011,Proposal,419665.97,2024-08-15,2024-05-10,2024-07-23
006000527,001000066,Prospecting,352416.85,2023-11-16,2023-10-12,2023-10-21
006000528,001000083,Negotiation,581377.41,2026-06-18,2025-09-25,2026-03-27
006000529,001000019,Closed Won,241804.96,2023-10-18,2023-07-01,2023-09-05
006000530,001000018,Closed Won,123731.02,2026-11-18,2026-04-11,2026-05-04
006000531,001000090,Qualification,163948.59,2026-10-08,2026-04-07,2026-07-08
006000532,001000076,Qualification,565728.49,2026-01-27,2025-05-14,2025-05-18
006000533,001000030,Closed Won,337022.1,2026-11-03,2026-06-17,2026-06-27
006000534,001000175,Closed Won,289122.59,2023-06-02,2022-11-02,2023-01-06
006000535,001000139,Closed Won,23405.77,2026-10-08,2026-03-16,2026-07-25
006000536,001000131,Proposal,37669.49,2026-09-26,2026-06-05,2026-07-16
006000537,001000132,Prospecting,76487.54,2026-07-07,2026-06-19,2026-06-21
006000538,001000054,Closed Won,581318.79,2025-12-07,2025-09-30,2025-10-26
006000539,001000138,Closed Won,659584.74,2025-11-03,2025-09-13,2025-10-30
006000540,001000176,Qualification,347122.8,2026-05-25,2026-04-21,2026-04-26
006000541,001000019,Prospecting,596690.02,2025-07-13,2025-05-23,2025-06-28
006000542,001000059,Closed Lost,308686.42,2025-08-27,2025-01-17,2025-05-07
006000543,001000081,Prospecting,506607.56,2026-03-14,2026-02-24,2026-02-26
006000544,001000194,Closed Won,38910.06,2026-08-16,2026-06-25,2026-07-17
006000545,001000129,Prospecting,591234.46,2025-01-24,2024-11-26,2024-12-14
006000546,001000196,Closed Lost,289153.11,2025-11-12,2025-10-13,2025-10-28
006000547,001000041,Negotiation,106604.19,2026-08-29,2026-03-16,2026-08-25
006000548,001000037,Qualification,665798.7,2026-12-25,2026-06-02,2026-06-04
006000549,001000142,Closed Won,110323.53,2025-12-09,2025-11-22,2025-12-04
006000550,001000138,Negotiation,68419.51,2025-08-05,2025-01-26,2025-03-21
006000551,001000106,Closed Lost,639336.84,2025-04-20,2025-01-13,2025-02-05
006000552,001000057,Negotiation,193292.62,2025-07-22,2025-04-06,2025-06-30
006000553,001000146,Closed Won,639283.85,2026-09-11,2026-01-03,2026-06-17
006000554,001000141,Prospecting,505405.51,2025-12-22,2025-10-18,2025-11-12
006000555,001000186,Negotiation,713897.23,2025-11-16,2025-08-28,2025-09-27
006000556,001000026,Qualification,57007.62,2023-09-05,2023-03-12,2023-07-14
006000557,001000116,Proposal,496269.58,2026-06-21,2026-03-20,2026-05-31
006000558,001000146,Proposal,240668.2,2025-08-10,2025-05-01,2025-05-01
006000559,001000081,Qualification,170036.65,2027-02-02,2026-06-09,2026-08-18
006000560,001000093,Prospecting,551064.73,2025-10-23,2025-02-14,2025-06-08
006000561,001000092,Closed Won,367793.68,2026-08-30,2026-05-18,2026-08-08
006000562,001000156,Prospecting,214058.88,2023-02-08,2022-10-16,2022-11-18
006000563,001000188,Closed Won,61964.47,2026-07-19,2026-06-25,2026-07-11
006000564,001000162,Prospecting,438508.42,2026-08-21,2026-04-20,2026-08-14
006000565,001000010,Negotiation,409884.65,2026-05-06,2025-08-23,2025-11-07
006000566,001000094,Proposal,669120.97,2026-01-26,2025-11-04,2026-01-02
006000567,001000129,Negotiation,300604.94,2026-01-31,2026-01-11,2026-01-18
006000568,001000158,Closed Won,569118.52,2023-09-28,2023-01-28,2023-03-09
006000569,001000046,Negotiation,426530.34,2023-10-26,2023-02-06,2023-08-08
006000570,001000011,Qualification,368293.4,2024-07-30,2024-03-02,2024-06-04
006000571,001000060,Prospecting,159046.69,2027-01-13,2026-06-14,2026-10-12
006000572,001000117,Closed Won,34729.0,2026-02-09,2025-12-04,2026-02-08
006000573,001000163,Closed Won,626979.84,2025-09-02,2025-05-21,2025-07-08
006000574,001000168,Proposal,442820.72,2026-06-21,2026-04-28,2026-05-31
006000575,001000065,Proposal,680895.61,2026-01-29,2025-06-21,2025-09-19
006000576,001000089,Proposal,364172.02,2026-04-20,2026-04-02,2026-04-18
006000577,001000036,Proposal,176343.12,2026-02-26,2025-09-21,2025-11-14
006000578,001000039,Qualification,274856.09,2025-09-13,2025-05-04,2025-08-18
006000579,001000085,Closed Won,363729.9,2026-10-08,2026-01-21,2026-05-08
006000580,001000152,Qualification,625856.92,2025-03-14,2024-10-26,2024-11-06
006000581,001000033,Negotiation,125041.21,2026-01-09,2025-12-05,2025-12-14
006000582,001000015,Qualification,692222.92,2026-07-06,2025-11-26,2026-04-28
006000583,001000145,Negotiation,659489.19,2025-01-03,2024-11-06,2024-11-19
006000584,001000115,Negotiation,356203.02,2025-12-26,2025-09-15,2025-10-13
006000585,001000106,Negotiation,596988.97,2025-07-23,2025-02-23,2025-04-06
006000586,001000186,Closed Won,692152.2,2024-05-26,2024-01-15,2024-04-20
006000587,001000099,Prospecting,17339.16,2026-12-31,2026-05-16,2026-12-13
006000588,001000039,Negotiation,137179.53,2025-04-27,2025-02-11,2025-02-22
006000589,001000124,Closed Won,676978.64,2026-05-30,2026-05-15,2026-05-28
006000590,001000134,Proposal,656744.1,2026-08-24,2026-01-02,2026-03-01
006000591,001000124,Closed Won,289021.19,2026-07-31,2026-05-27,2026-07-20
006000592,001000035,Qualification,575564.87,2025-09-11,2025-04-04,2025-09-04
006000593,001000140,Proposal,145820.66,2023-06-06,2023-03-23,2023-05-28
006000594,001000002,Proposal,158036.93,2024-07-20,2023-12-09,2024-03-10
006000595,001000028,Qualification,490424.07,2026-10-04,2026-05-09,2026-09-23
006000596,001000109,Negotiation,460851.1,2026-08-21,2026-04-24,2026-06-15
006000597,001000142,Closed Won,364438.48,2026-11-03,2026-02-14,2026-06-23
006000598,001000079,Negotiation,581774.89,2026-07-08,2026-04-14,2026-07-07
006000599,001000031,Closed Won,337713.18,2025-07-14,2025-05-09,2025-06-05
006000600,001000131,Proposal,257136.2,2026-06-20,2026-05-10,2026-05-20
006000601,001000100,Closed Lost,8941.52,2024-04-13,2024-01-15,2024-03-15
006000602,001000154,Proposal,52739.94,2025-12-16,2025-05-26,2025-06-15
006000603,001000156,Prospecting,291322.88,2024-09-10,2024-04-02,2024-09-01
006000604,001000015,Closed Lost,616070.41,2026-10-23,2026-01-28,2026-09-09
006000605,001000003,Qualification,494378.75,2026-06-18,2026-01-08,2026-02-26
006000606,001000009,Closed Won,385358.15,2026-04-23,2026-01-12,2026-04-08
006000607,001000010,Proposal,492989.24,2024-09-25,2024-07-28,2024-08-14
006000608,001000200,Proposal,503898.22,2025-05-18,2025-01-21,2025-03-28
006000609,001000004,Closed Won,56119.79,2024-07-02,2024-01-24,2024-06-15
006000610,001000150,Proposal,722649.31,2026-07-06,2026-02-26,2026-04-16
006000611,001000117,Closed Lost,433305.51,2026-01-13,2025-10-01,2025-11-22
006000612,001000130,Prospecting,58927.55,2025-10-29,2025-04-23,2025-05-22
006000613,001000132,Closed Lost,657704.22,2026-08-20,2026-03-30,2026-07-21
006000614,001000097,Negotiation,578625.56,2026-12-29,2026-06-24,2026-10-19
006000615,001000175,Proposal,442185.76,2023-01-26,2022-05-10,2022-07-08
006000616,001000067,Prospecting,477078.04,2024-11-03,2024-06-24,2024-09-12
006000617,001000106,Closed Lost,389795.64,2025-01-26,2024-08-30,2024-11-01
006000618,001000074,Prospecting,506904.95,2025-12-21,2025-10-29,2025-12-03
006000619,001000046,Proposal,268385.76,2025-11-29,2025-06-30,2025-08-15
006000620,001000192,Closed Won,682895.96,2026-01-17,2025-09-22,2025-10-22
006000621,001000189,Qualification,202727.0,2024-09-03,2024-05-08,2024-08-22
006000622,001000064,Closed Won,270240.39,2026-06-01,2026-03-24,2026-04-08
006000623,001000021,Closed Won,499250.94,2025-07-22,2025-07-04,2025-07-21
006000624,001000011,Closed Won,281541.42,2025-08-09,2024-11-15,2025-04-04
006000625,001000126,Qualification,574375.43,2026-04-02,2025-10-26,2026-02-04
006000626,001000057,Closed Won,100543.23,2026-06-22,2025-11-03,2026-03-05
006000627,001000139,Prospecting,263730.28,2026-09-23,2026-06-11,2026-08-08
006000628,001000031,Closed Won,347752.59,2024-12-24,2024-12-03,2024-12-24
006000629,001000054,Proposal,80057.13,2025-10-19,2025-05-25,2025-07-11
006000630,001000141,Qualification,205709.13,2026-08-11,2026-01-21,2026-03-09
006000631,001000128,Proposal,317224.24,2025-04-25,2024-10-06,2025-01-16
006000632,001000072,Proposal,430700.24,2026-03-28,2025-11-16,2025-12-11
006000633,001000185,Qualification,180674.85,2025-08-06,2025-01-08,2025-02-27
006000634,001000038,Closed Won,555213.8,2025-08-20,2025-08-01,2025-08-06
006000635,001000108,Proposal,746693.52,2026-02-17,2025-08-25,2025-12-27
006000636,001000077,Qualification,644583.98,2024-07-19,2023-12-14,2024-01-08
006000637,001000177,Qualification,165523.16,2025-01-23,2024-05-10,2024-06-28
006000638,001000116,Closed Won,198528.0,2025-12-26,2025-08-02,2025-10-29
006000639,001000006,Proposal,266562.41,2026-09-02,2026-05-09,2026-07-21
006000640,001000148,Negotiation,406136.5,2024-07-31,2024-01-17,2024-04-09
006000641,001000173,Negotiation,582184.55,2026-01-13,2025-11-19,2025-12-13
006000642,001000158,Qualification,475625.58,2023-05-17,2023-02-06,2023-04-28
006000643,001000087,Proposal,461171.05,2025-10-10,2025-08-20,2025-08-25
006000644,001000042,Proposal,238544.14,2026-07-23,2026-02-09,2026-04-18
006000645,001000155,Negotiation,207079.84,2025-07-23,2025-01-04,2025-07-14
006000646,001000151,Negotiation,340465.05,2025-09-04,2025-05-18,2025-09-04
006000647,001000006,Prospecting,179797.26,2024-02-08,2023-12-15,2023-12-28
006000648,001000043,Proposal,76187.52,2025-09-10,2025-07-30,2025-07-31
006000649,001000198,Proposal,574922.3,2026-02-01,2025-11-25,2025-12-28
006000650,001000159,Qualification,492850.34,2026-08-30,2026-03-10,2026-05-07
006000651,001000064,Closed Won,335154.52,2024-08-15,2024-05-25,2024-07-31
006000652,001000044,Prospecting,499344.11,2026-02-17,2025-06-04,2026-01-29
006000653,001000139,Closed Lost,413666.23,2025-12-16,2025-09-02,2025-11-16
006000654,001000153,Proposal,562939.14,2026-11-28,2026-04-05,2026-08-17
006000655,001000164,Negotiation,235697.69,2026-07-24,2025-11-05,2026-03-01
006000656,001000023,Proposal,277508.57,2026-06-22,2026-03-20,2026-04-27
006000657,001000003,Prospecting,612457.94,2024-05-27,2023-11-18,2024-01-30
006000658,001000121,Negotiation,517388.62,2027-03-15,2026-06-29,2026-11-29
006000659,001000003,Closed Won,599483.76,2026-10-29,2026-06-18,2026-06-19
006000660,001000141,Proposal,311743.22,2026-11-30,2026-04-27,2026-06-29
006000661,001000042,Closed Won,486263.15,2025-09-08,2025-05-04,2025-07-10
006000662,001000021,Proposal,183473.55,2026-10-09,2026-05-08,2026-07-19
006000663,001000167,Closed Won,607562.44,2026-06-25,2026-03-06,2026-06-23
006000664,001000018,Qualification,220748.5,2026-06-16,2025-10-13,2025-12-21
006000665,001000180,Negotiation,144903.13,2022-10-20,2022-07-20,2022-07-26
006000666,001000137,Prospecting,729387.79,2026-10-20,2026-05-21,2026-06-22
006000667,001000184,Proposal,11112.05,2024-02-28,2023-11-28,2023-11-29
006000668,001000127,Qualification,318081.06,2027-03-26,2026-06-29,2027-01-05
006000669,001000119,Closed Won,28644.16,2025-01-27,2024-10-30,2024-11-06
006000670,001000069,Closed Won,58181.6,2026-03-11,2025-11-24,2025-12-18
006000671,001000065,Closed Won,622047.78,2023-08-25,2023-04-05,2023-07-12
006000672,001000198,Closed Lost,189135.83,2026-02-24,2025-10-31,2025-12-28
006000673,001000189,Closed Won,393248.64,2024-12-08,2024-03-26,2024-10-11
006000674,001000175,Closed Lost,702480.36,2023-03-10,2023-02-02,2023-03-09
006000675,001000134,Prospecting,363516.05,2025-01-09,2024-09-15,2024-10-31
006000676,001000014,Closed Won,167252.25,2023-03-08,2022-10-24,2023-02-12
006000677,001000084,Prospecting,596820.85,2025-08-02,2025-05-18,2025-07-07
006000678,001000063,Prospecting,36285.06,2026-09-08,2026-06-06,2026-07-23
006000679,001000198,Prospecting,122485.35,2026-06-05,2025-11-29,2026-05-08
006000680,001000016,Prospecting,485208.3,2026-04-07,2026-01-28,2026-02-13
006000681,001000125,Qualification,736348.4,2025-11-04,2025-03-10,2025-09-13
006000682,001000050,Prospecting,286437.86,2026-05-02,2025-12-10,2025-12-20
006000683,001000125,Closed Won,421473.47,2027-01-04,2026-04-14,2026-07-20
006000684,001000146,Qualification,264010.19,2025-12-24,2025-07-22,2025-12-22
006000685,001000142,Qualification,400697.39,2026-08-20,2026-03-07,2026-05-13
006000686,001000139,Proposal,5536.27,2026-12-12,2026-05-17,2026-11-20
006000687,001000048,Closed Won,466702.28,2025-02-01,2024-09-17,2024-12-08
006000688,001000185,Prospecting,725536.55,2025-01-28,2024-10-08,2024-12-14
006000689,001000175,Proposal,415843.52,2026-01-27,2025-08-21,2025-11-11
006000690,001000105,Negotiation,87295.78,2026-08-01,2026-06-13,2026-06-15
006000691,001000034,Qualification,28298.95,2023-09-20,2022-12-31,2023-04-08
006000692,001000026,Prospecting,483104.99,2025-01-04,2024-04-14,2024-08-23
006000693,001000013,Proposal,456435.45,2025-09-29,2025-09-08,2025-09-14
006000694,001000168,Proposal,667876.66,2024-09-21,2024-01-11,2024-08-03
006000695,001000164,Prospecting,420724.82,2026-07-01,2025-12-10,2026-07-01
006000696,001000182,Prospecting,464615.33,2026-07-29,2026-06-24,2026-06-28
006000697,001000078,Prospecting,165845.55,2026-06-12,2026-04-09,2026-04-21
006000698,001000186,Qualification,292071.66,2025-02-15,2024-09-26,2024-11-10
006000699,001000143,Closed Won,314312.53,2024-10-01,2024-03-17,2024-09-05
006000700,001000118,Closed Won,323170.87,2024-03-26,2023-12-17,2024-01-09
006000701,001000141,Proposal,256447.09,2026-03-13,2025-07-15,2026-03-10
006000702,001000091,Closed Lost,414810.6,2026-02-18,2025-07-28,2025-11-10
006000703,001000196,Negotiation,620485.46,2024-04-08,2023-11-22,2024-01-15
006000704,001000097,Closed Won,694979.46,2025-08-12,2025-01-25,2025-05-20
006000705,001000115,Closed Lost,5145.74,2024-11-21,2024-06-14,2024-11-13
006000706,001000005,Negotiation,745091.95,2024-08-12,2024-07-25,2024-08-03
006000707,001000057,Qualification,239603.98,2026-08-12,2026-03-09,2026-07-28
006000708,001000131,Negotiation,694812.23,2026-04-02,2026-01-29,2026-02-02
006000709,001000118,Proposal,108114.1,2025-10-27,2025-06-07,2025-08-05
006000710,001000066,Closed Won,73469.32,2025-06-30,2025-02-24,2025-05-28
006000711,001000020,Closed Won,595713.62,2024-01-19,2023-04-30,2023-06-17
006000712,001000153,Negotiation,32841.84,2026-08-22,2026-01-24,2026-02-13
006000713,001000200,Prospecting,579321.62,2025-05-20,2024-09-25,2025-01-09
006000714,001000031,Closed Won,173904.67,2025-07-04,2024-12-06,2024-12-19
006000715,001000079,Negotiation,242890.82,2026-06-08,2025-12-08,2026-04-15
006000716,001000179,Qualification,42637.26,2026-09-29,2026-01-29,2026-08-09
006000717,001000153,Negotiation,72111.8,2025-06-16,2025-01-04,2025-04-14
006000718,001000038,Prospecting,66496.11,2025-12-20,2025-11-10,2025-12-15
006000719,001000103,Qualification,301902.64,2025-11-03,2025-08-14,2025-08-31
006000720,001000124,Negotiation,368456.52,2026-10-05,2026-06-12,2026-08-22
006000721,001000158,Closed Lost,395564.6,2023-10-15,2023-08-25,2023-09-11
006000722,001000199,Proposal,515129.79,2026-08-20,2026-06-21,2026-06-28
006000723,001000172,Proposal,277124.4,2025-08-02,2025-02-04,2025-05-03
006000724,001000153,Closed Won,578412.56,2024-10-21,2024-04-10,2024-09-14
006000725,001000114,Negotiation,333145.25,2025-12-18,2025-08-23,2025-11-18
006000726,001000096,Qualification,547722.63,2024-04-16,2024-02-04,2024-02-10
006000727,001000063,Closed Lost,695413.62,2025-12-18,2025-11-26,2025-12-06
006000728,001000178,Closed Won,232312.95,2026-05-10,2026-04-14,2026-04-24
006000729,001000054,Closed Won,162847.11,2026-11-02,2026-06-08,2026-10-26
006000730,001000124,Negotiation,744265.09,2026-07-17,2026-06-23,2026-07-05
006000731,001000150,Closed Lost,397465.32,2026-05-28,2026-02-15,2026-02-22
006000732,001000073,Qualification,523912.38,2025-11-02,2025-09-21,2025-10-20
006000733,001000168,Closed Lost,54615.36,2026-01-28,2025-08-28,2025-11-28
006000734,001000028,Prospecting,651220.78,2027-01-27,2026-06-29,2026-08-27
006000735,001000098,Negotiation,533718.15,2024-07-10,2023-10-21,2023-12-05
006000736,001000048,Qualification,725259.57,2025-11-20,2025-10-25,2025-10-26
006000737,001000064,Closed Lost,232171.0,2026-01-03,2025-06-01,2025-12-08
006000738,001000041,Prospecting,514811.96,2026-08-13,2026-02-25,2026-04-26
006000739,001000129,Qualification,51197.22,2025-03-29,2024-08-28,2025-03-24
006000740,001000008,Closed Lost,712091.73,2025-02-27,2024-11-27,2025-01-09
006000741,001000101,Closed Won,70407.29,2026-08-23,2026-04-14,2026-07-29
006000742,001000062,Negotiation,322716.42,2026-08-05,2026-02-03,2026-05-28
006000743,001000139,Prospecting,491092.12,2026-08-14,2026-04-18,2026-08-06
006000744,001000036,Proposal,530326.61,2025-12-24,2025-10-01,2025-11-25
006000745,001000198,Prospecting,700107.31,2026-06-28,2026-01-02,2026-01-19
006000746,001000143,Negotiation,540983.18,2025-02-18,2024-08-25,2024-10-01
006000747,001000187,Prospecting,242422.15,2026-10-01,2026-02-18,2026-05-06
006000748,001000114,Closed Won,617165.39,2026-01-03,2025-10-03,2025-10-27
006000749,001000028,Prospecting,24517.67,2026-11-22,2026-06-24,2026-11-16
006000750,001000157,Qualification,177975.99,2025-07-09,2024-12-23,2025-01-12
006000751,001000177,Closed Won,104894.54,2027-01-08,2026-04-28,2026-11-05
006000752,001000048,Closed Won,371126.97,2023-09-17,2023-06-11,2023-07-05
006000753,001000058,Prospecting,574581.45,2024-05-20,2023-12-19,2024-04-02
006000754,001000057,Closed Won,741241.35,2026-06-28,2026-03-01,2026-03-09
006000755,001000046,Closed Lost,739292.59,2026-06-19,2025-09-27,2026-03-12
006000756,001000118,Closed Won,323528.98,2024-03-07,2023-08-11,2024-02-11
006000757,001000081,Proposal,704658.65,2026-04-18,2026-03-15,2026-04-17
006000758,001000028,Proposal,621122.53,2026-08-30,2026-04-12,2026-08-22
006000759,001000138,Proposal,552701.71,2026-08-18,2026-01-17,2026-05-29
006000760,001000196,Negotiation,41725.11,2024-05-14,2023-09-17,2023-12-27
006000761,001000078,Closed Won,218006.37,2026-08-28,2026-01-09,2026-03-25
006000762,001000157,Closed Lost,519014.95,2025-12-29,2025-04-21,2025-11-19
006000763,001000166,Proposal,543371.86,2026-06-10,2026-02-23,2026-06-02
006000764,001000150,Closed Lost,523605.04,2026-07-20,2025-12-16,2026-03-31
006000765,001000083,Proposal,138264.54,2026-02-17,2025-06-15,2025-07-08
006000766,001000065,Proposal,488189.44,2023-09-16,2023-06-30,2023-07-11
006000767,001000030,Closed Won,477383.95,2026-11-03,2026-04-06,2026-10-09
006000768,001000131,Negotiation,124125.25,2026-12-05,2026-05-10,2026-05-21
006000769,001000197,Qualification,254718.89,2026-04-01,2025-12-24,2026-01-11
006000770,001000046,Closed Won,43226.32,2024-06-24,2024-01-03,2024-04-26
006000771,001000074,Negotiation,92577.71,2025-07-23,2025-03-27,2025-03-27
006000772,001000160,Closed Won,14094.78,2026-06-02,2025-09-05,2025-09-07
006000773,001000156,Closed Won,182219.37,2026-01-05,2025-04-22,2025-12-10
006000774,001000105,Proposal,452906.34,2026-08-26,2026-04-08,2026-08-26
006000775,001000072,Negotiation,420373.74,2023-12-03,2023-10-24,2023-11-04
006000776,001000038,Prospecting,265019.78,2024-09-30,2024-08-30,2024-09-18
006000777,001000085,Closed Lost,41528.37,2025-12-31,2025-09-16,2025-10-06
006000778,001000173,Qualification,497388.84,2026-08-03,2026-04-20,2026-06-17
006000779,001000192,Negotiation,698952.47,2025-01-18,2024-08-03,2024-10-24
006000780,001000095,Closed Won,616097.23,2027-01-23,2026-06-04,2027-01-05
006000781,001000141,Prospecting,355758.55,2025-11-10,2025-06-08,2025-08-31
006000782,001000135,Proposal,161334.8,2024-12-14,2024-10-31,2024-11-06
006000783,001000147,Closed Won,473589.06,2025-08-03,2024-11-14,2025-04-10
006000784,001000110,Negotiation,240783.98,2026-12-02,2026-05-20,2026-06-22
006000785,001000158,Negotiation,392180.82,2026-07-27,2025-10-31,2026-07-10
006000786,001000047,Closed Won,178377.62,2024-05-22,2024-01-29,2024-01-29
006000787,001000031,Prospecting,470968.25,2025-07-24,2025-03-25,2025-07-05
006000788,001000158,Closed Lost,313460.65,2024-09-09,2024-02-28,2024-07-20
006000789,001000164,Qualification,482260.64,2026-10-06,2026-04-30,2026-07-04
006000790,001000018,Proposal,382483.77,2025-02-04,2025-01-17,2025-01-20
006000791,001000176,Proposal,300056.75,2026-06-19,2026-05-21,2026-06-16
006000792,001000045,Qualification,626199.85,2027-01-20,2026-05-08,2026-05-26
006000793,001000166,Prospecting,120762.79,2026-11-25,2026-05-23,2026-09-18
006000794,001000106,Closed Lost,46736.6,2026-07-23,2026-02-05,2026-06-29
006000795,001000186,Closed Won,418607.02,2024-02-03,2023-10-05,2023-12-17
006000796,001000176,Proposal,687558.91,2027-01-01,2026-06-19,2026-07-05
006000797,001000039,Qualification,28224.01,2026-05-01,2026-01-22,2026-04-05
006000798,001000156,Proposal,448417.94,2026-11-12,2026-05-24,2026-08-12
006000799,001000182,Prospecting,313332.83,2026-10-22,2026-06-08,2026-09-11
006000800,001000116,Closed Won,230458.39,2026-07-06,2026-01-18,2026-03-03
