contact_id,account_id,first_name,last_name,email,title
003000001,001000029,Barbara,Sanchez,barbara.sanchez1@example.com,Procurement Manager
003000002,001000200,Michael,Robinson,michael.robinson2@example.com,VP Supply Chain
003000003,001000114,Thomas,Smith,thomas.smith3@example.com,Category Manager
003000004,001000129,John,Miller,john.miller4@example.com,Chief Nursing Officer
003000005,001000124,Lisa,Ramirez,lisa.ramirez5@example.com,Controller
003000006,001000080,Anthony,Hernandez,anthony.hernandez6@example.com,Director of Operations
003000007,001000197,Margaret,Brown,margaret.brown7@example.com,Controller
003000008,001000174,John,Miller,john.miller8@example.com,Sourcing Specialist
003000009,001000010,Joseph,Gonzalez,joseph.gonzalez9@example.com,Sourcing Specialist
003000010,001000134,Patricia,Smith,patricia.smith10@example.com,IT Director
003000011,001000012,Nancy,Ramirez,nancy.ramirez11@example.com,Program Manager
003000012,001000023,William,Anderson,william.anderson12@example.com,Procurement Manager
003000013,001000027,Thomas,Harris,thomas.harris13@example.com,Business Systems Analyst
003000014,001000191,Elizabeth,Smith,elizabeth.smith14@example.com,Program Manager
003000015,001000195,Elizabeth,Lee,elizabeth.lee15@example.com,Financial Analyst
003000016,001000083,Michael,Miller,michael.miller16@example.com,IT Director
003000017,001000071,Sarah,Hernandez,sarah.hernandez17@example.com,Category Manager
003000018,001000172,Patricia,Rodriguez,patricia.rodriguez18@example.com,Director of Operations
003000019,001000041,David,Brown,david.brown19@example.com,Procurement Manager
003000020,001000160,Sarah,Taylor,sarah.taylor20@example.com,VP Supply Chain
003000021,001000053,Sarah,Lopez,sarah.lopez21@example.com,Controller
003000022,001000082,David,Jones,david.jones22@example.com,Sourcing Specialist
003000023,001000073,Charles,Davis,charles.davis23@example.com,Director of Operations
003000024,001000019,Elizabeth,Martin,elizabeth.martin24@example.com,Chief Nursing Officer
003000025,001000139,Joseph,Johnson,joseph.johnson25@example.com,Director of Operations
003000026,001000008,Jessica,Lewis,jessica.lewis26@example.com,Business Systems Analyst
003000027,001000013,Patricia,Gonzalez,patricia.gonzalez27@example.com,Procurement Manager
003000028,001000023,Susan,Gonzalez,susan.gonzalez28@example.com,Director of Operations
003000029,001000181,Karen,Lewis,karen.lewis29@example.com,Program Manager
003000030,001000162,Mark,Thompson,mark.thompson30@example.com,Sourcing Specialist
003000031,001000115,Karen,Lopez,karen.lopez31@example.com,IT Director
003000032,001000086,Mark,Miller,mark.miller32@example.com,Sourcing Specialist
003000033,001000195,Nancy,Sanchez,nancy.sanchez33@example.com,Controller
003000034,001000021,Sandra,Harris,sandra.harris34@example.com,Category Manager
003000035,001000146,John,Williams,john.williams35@example.com,Sourcing Specialist
003000036,001000120,Patricia,Anderson,patricia.anderson36@example.com,IT Director
003000037,001000176,Daniel,Thompson,daniel.thompson37@example.com,Category Manager
003000038,001000121,Linda,Davis,linda.davis38@example.com,Director of Operations
003000039,001000158,David,Robinson,david.robinson39@example.com,Chief Nursing Officer
003000040,001000101,Jennifer,Thompson,jennifer.thompson40@example.com,Business Systems Analyst
003000041,001000085,Betty,Ramirez,betty.ramirez41@example.com,Chief Nursing Officer
003000042,001000117,Jessica,Smith,jessica.smith42@example.com,VP Supply Chain
003000043,001000122,Patricia,Lopez,patricia.lopez43@example.com,Category Manager
003000044,001000119,Margaret,Garcia,margaret.garcia44@example.com,IT Director
003000045,001000197,Barbara,Martin,barbara.martin45@example.com,Program Manager
003000046,001000033,Thomas,Brown,thomas.brown46@example.com,Materials Manager
003000047,001000183,Betty,Brown,betty.brown47@example.com,Chief Nursing Officer
003000048,001000143,Daniel,Williams,daniel.williams48@example.com,IT Director
003000049,001000137,Joseph,Gonzalez,joseph.gonzalez49@example.com,Program Manager
003000050,001000106,Linda,Martin,linda.martin50@example.com,Financial Analyst
003000051,001000141,Jennifer,Thomas,jennifer.thomas51@example.com,Materials Manager
003000052,001000017,William,Miller,william.miller52@example.com,Sourcing Specialist
003000053,001000152,Susan,Sanchez,susan.sanchez53@example.com,Materials Manager
003000054,001000146,Betty,Hernandez,betty.hernandez54@example.com,Controller
003000055,001000178,Linda,Garcia,linda.garcia55@example.com,Business Systems Analyst
003000056,001000172,Robert,White,robert.white56@example.com,Sourcing Specialist
003000057,001000147,Mark,Thomas,mark.thomas57@example.com,VP Supply Chain
003000058,001000152,Karen,Anderson,karen.anderson58@example.com,Chief Nursing Officer
003000059,001000143,Patricia,Clark,patricia.clark59@example.com,Category Manager
003000060,001000046,Elizabeth,Gonzalez,elizabeth.gonzalez60@example.com,VP Supply Chain
003000061,001000154,Patricia,Perez,patricia.perez61@example.com,Program Manager
003000062,001000198,Mark,Gonzalez,mark.gonzalez62@example.com,Chief Nursing Officer
003000063,001000127,Daniel,Perez,daniel.perez63@example.com,Procurement Manager
003000064,001000024,Michael,Clark,michael.clark64@example.com,Director of Operations
003000065,001000149,Paul,Harris,paul.harris65@example.com,Business Systems Analyst
003000066,001000001,Anthony,Jones,anthony.jones66@example.com,Business Systems Analyst
003000067,001000039,Joseph,Moore,joseph.moore67@example.com,IT Director
003000068,001000100,Karen,Jackson,karen.jackson68@example.com,Category Manager
003000069,001000051,Michael,Perez,michael.perez69@example.com,Chief Nursing Officer
003000070,001000077,Charles,Sanchez,charles.sanchez70@example.com,Business Systems Analyst
003000071,001000078,Sandra,Robinson,sandra.robinson71@example.com,Materials Manager
003000072,001000184,Sandra,Lopez,sandra.lopez72@example.com,VP Supply Chain
003000073,001000150,James,Martin,james.martin73@example.com,Controller
003000074,001000104,Margaret,Jones,margaret.jones74@example.com,IT Director
003000075,001000016,Barbara,Lewis,barbara.lewis75@example.com,Controller
003000076,001000014,James,Thompson,james.thompson76@example.com,Controller
003000077,001000092,Patricia,Ramirez,patricia.ramirez77@example.com,IT Director
003000078,001000008,Linda,Wilson,linda.wilson78@example.com,Sourcing Specialist
003000079,001000152,Richard,Lee,richard.lee79@example.com,Chief Nursing Officer
003000080,001000183,Richard,Gonzalez,richard.gonzalez80@example.com,Materials Manager
003000081,001000112,Sarah,Miller,sarah.miller81@example.com,Business Systems Analyst
003000082,001000045,Jessica,Jones,jessica.jones82@example.com,Financial Analyst
003000083,001000143,Richard,Clark,richard.clark83@example.com,Chief Nursing Officer
003000084,001000107,John,Martinez,john.martinez84@example.com,Business Systems Analyst
003000085,001000033,John,Smith,john.smith85@example.com,VP Supply Chain
003000086,001000166,James,Jones,james.jones86@example.com,Sourcing Specialist
003000087,001000125,Nancy,Wilson,nancy.wilson87@example.com,Director of Operations
003000088,001000022,John,Lee,john.lee88@example.com,Materials Manager
003000089,001000117,Paul,Sanchez,paul.sanchez89@example.com,Sourcing Specialist
003000090,001000155,Sandra,Wilson,sandra.wilson90@example.com,Program Manager
003000091,001000047,Joseph,Taylor,joseph.taylor91@example.com,Materials Manager
003000092,001000142,Mark,Anderson,mark.anderson92@example.com,Materials Manager
003000093,001000091,Linda,Garcia,linda.garcia93@example.com,Materials Manager
003000094,001000155,James,Jackson,james.jackson94@example.com,Category Manager
003000095,001000188,Linda,Thompson,linda.thompson95@example.com,Controller
003000096,001000069,Susan,Robinson,susan.robinson96@example.com,Controller
003000097,001000148,Barbara,Johnson,barbara.johnson97@example.com,Procurement Manager
003000098,001000146,Jessica,Thompson,jessica.thompson98@example.com,Chief Nursing Officer
003000099,001000029,Charles,Thomas,charles.thomas99@example.com,Sourcing Specialist
003000100,001000021,John,White,john.white100@example.com,Sourcing Specialist
003000101,001000135,Margaret,Harris,margaret.harris101@example.com,IT Director
003000102,001000120,Thomas,Williams,thomas.williams102@example.com,Controller
003000103,001000157,Robert,Davis,robert.davis103@example.com,Category Manager
003000104,001000162,Lisa,Perez,lisa.perez104@example.com,Business Systems Analyst
003000105,001000020,Nancy,Lee,nancy.lee105@example.com,Controller
003000106,001000149,Elizabeth,Martin,elizabeth.martin106@example.com,Procurement Manager
003000107,001000088,Sarah,Harris,sarah.harris107@example.com,Procurement Manager
003000108,001000121,Joseph,Taylor,joseph.taylor108@example.com,Category Manager
003000109,001000147,Lisa,Hernandez,lisa.hernandez109@example.com,Materials Manager
003000110,001000091,Betty,Martinez,betty.martinez110@example.com,IT Director
003000111,001000043,Mary,Thompson,mary.thompson111@example.com,Program Manager
003000112,001000192,Elizabeth,White,elizabeth.white112@example.com,Program Manager
003000113,001000067,Mary,Lee,mary.lee113@example.com,Category Manager
003000114,001000149,Jennifer,Jackson,jennifer.jackson114@example.com,Procurement Manager
003000115,001000169,Elizabeth,Sanchez,elizabeth.sanchez115@example.com,Sourcing Specialist
003000116,001000160,James,Martinez,james.martinez116@example.com,Category Manager
003000117,001000022,John,Taylor,john.taylor117@example.com,VP Supply Chain
003000118,001000072,David,Jones,david.jones118@example.com,Program Manager
003000119,001000072,David,Ramirez,david.ramirez119@example.com,IT Director
003000120,001000004,Lisa,Brown,lisa.brown120@example.com,Program Manager
003000121,001000045,Sandra,Jackson,sandra.jackson121@example.com,Sourcing Specialist
003000122,001000039,Nancy,Anderson,nancy.anderson122@example.com,Chief Nursing Officer
003000123,001000045,David,Sanchez,david.sanchez123@example.com,Sourcing Specialist
003000124,001000061,Jessica,Garcia,jessica.garcia124@example.com,Controller
003000125,001000009,William,Williams,william.williams125@example.com,Director of Operations
003000126,001000153,Sandra,Clark,sandra.clark126@example.com,Director of Operations
003000127,001000127,Anthony,Wilson,anthony.wilson127@example.com,Materials Manager
003000128,001000061,Nancy,Anderson,nancy.anderson128@example.com,Sourcing Specialist
003000129,001000164,Jennifer,Miller,jennifer.miller129@example.com,Program Manager
003000130,001000188,Mark,Lopez,mark.lopez130@example.com,Procurement Manager
003000131,001000165,David,Harris,david.harris131@example.com,VP Supply Chain
003000132,001000014,Jennifer,Anderson,jennifer.anderson132@example.com,Materials Manager
003000133,001000122,Elizabeth,Thomas,elizabeth.thomas133@example.com,Sourcing Specialist
003000134,001000193,Sandra,Moore,sandra.moore134@example.com,Financial Analyst
003000135,001000098,Nancy,Thompson,nancy.thompson135@example.com,Materials Manager
003000136,001000122,David,Jones,david.jones136@example.com,Controller
003000137,001000112,James,Martinez,james.martinez137@example.com,Category Manager
003000138,001000098,Nancy,Hernandez,nancy.hernandez138@example.com,Controller
003000139,001000175,Mary,Brown,mary.brown139@example.com,Controller
003000140,001000164,Barbara,Ramirez,barbara.ramirez140@example.com,Materials Manager
003000141,001000157,Sandra,Lee,sandra.lee141@example.com,IT Director
003000142,001000086,David,Rodriguez,david.rodriguez142@example.com,VP Supply Chain
003000143,001000066,Daniel,Jackson,daniel.jackson143@example.com,Materials Manager
003000144,001000119,Anthony,Perez,anthony.perez144@example.com,Sourcing Specialist
003000145,001000062,Lisa,Perez,lisa.perez145@example.com,Program Manager
003000146,001000198,Michael,Taylor,michael.taylor146@example.com,Chief Nursing Officer
003000147,001000174,Matthew,Garcia,matthew.garcia147@example.com,Chief Nursing Officer
003000148,001000141,James,Perez,james.perez148@example.com,Procurement Manager
003000149,001000018,James,Wilson,james.wilson149@example.com,VP Supply Chain
003000150,001000135,Patricia,Perez,patricia.perez150@example.com,Category Manager
003000151,001000090,Linda,White,linda.white151@example.com,IT Director
003000152,001000065,Michael,Johnson,michael.johnson152@example.com,Procurement Manager
003000153,001000159,Robert,Johnson,robert.johnson153@example.com,Program Manager
003000154,001000169,Paul,Clark,paul.clark154@example.com,Financial Analyst
003000155,001000154,Daniel,Brown,daniel.brown155@example.com,Sourcing Specialist
003000156,001000031,Robert,Ramirez,robert.ramirez156@example.com,Program Manager
003000157,001000034,Richard,Perez,richard.perez157@example.com,Business Systems Analyst
003000158,001000145,Betty,Garcia,betty.garcia158@example.com,VP Supply Chain
003000159,001000179,Jennifer,Rodriguez,jennifer.rodriguez159@example.com,IT Director
003000160,001000120,Nancy,Robinson,nancy.robinson160@example.com,VP Supply Chain
003000161,001000164,Joseph,Robinson,joseph.robinson161@example.com,IT Director
003000162,001000197,Susan,Thompson,susan.thompson162@example.com,Business Systems Analyst
003000163,001000198,Anthony,Hernandez,anthony.hernandez163@example.com,IT Director
003000164,001000042,Anthony,Williams,anthony.williams164@example.com,IT Director
003000165,001000199,Mary,Gonzalez,mary.gonzalez165@example.com,Materials Manager
003000166,001000086,Mary,Rodriguez,mary.rodriguez166@example.com,IT Director
003000167,001000046,Joseph,Williams,joseph.williams167@example.com,Category Manager
003000168,001000052,Karen,Gonzalez,karen.gonzalez168@example.com,Director of Operations
003000169,001000166,Jessica,Brown,jessica.brown169@example.com,Director of Operations
003000170,001000139,Anthony,Wilson,anthony.wilson170@example.com,Financial Analyst
003000171,001000158,Daniel,Brown,daniel.brown171@example.com,Category Manager
003000172,001000184,David,Brown,david.brown172@example.com,Procurement Manager
003000173,001000019,Robert,Jackson,robert.jackson173@example.com,Sourcing Specialist
003000174,001000065,Anthony,Anderson,anthony.anderson174@example.com,Procurement Manager
003000175,001000128,John,Lee,john.lee175@example.com,Business Systems Analyst
003000176,001000001,Sandra,Johnson,sandra.johnson176@example.com,Business Systems Analyst
003000177,001000100,David,Jones,david.jones177@example.com,Sourcing Specialist
003000178,001000085,Paul,Gonzalez,paul.gonzalez178@example.com,Program Manager
003000179,001000001,Thomas,Thompson,thomas.thompson179@example.com,Category Manager
003000180,001000123,Susan,Gonzalez,susan.gonzalez180@example.com,Sourcing Specialist
003000181,001000200,Betty,Sanchez,betty.sanchez181@example.com,VP Supply Chain
003000182,001000139,Linda,Smith,linda.smith182@example.com,Materials Manager
003000183,001000177,Mark,Harris,mark.harris183@example.com,Category Manager
003000184,001000032,Charles,Moore,charles.moore184@example.com,Chief Nursing Officer
003000185,001000086,Nancy,Martinez,nancy.martinez185@example.com,Materials Manager
003000186,001000015,Daniel,Lee,daniel.lee186@example.com,VP Supply Chain
003000187,001000094,Sarah,Ramirez,sarah.ramirez187@example.com,Chief Nursing Officer
003000188,001000021,Mark,Anderson,mark.anderson188@example.com,IT Director
003000189,001000166,Michael,Garcia,michael.garcia189@example.com,Controller
003000190,001000011,Richard,Perez,richard.perez190@example.com,Financial Analyst
003000191,001000077,Matthew,Gonzalez,matthew.gonzalez191@example.com,VP Supply Chain
003000192,001000162,Matthew,Lopez,matthew.lopez192@example.com,Category Manager
003000193,001000022,Paul,Lee,paul.lee193@example.com,Category Manager
003000194,001000189,Michael,Jones,michael.jones194@example.com,Procurement Manager
003000195,001000050,James,White,james.white195@example.com,Program Manager
003000196,001000062,Jessica,Gonzalez,jessica.gonzalez196@example.com,VP Supply Chain
003000197,001000139,Daniel,Martinez,daniel.martinez197@example.com,Category Manager
003000198,001000137,Mark,Sanchez,mark.sanchez198@example.com,Category Manager
003000199,001000005,Mary,Hernandez,mary.hernandez199@example.com,Procurement Manager
003000200,001000087,Betty,White,betty.white200@example.com,Procurement Manager
003000201,001000104,Patricia,Miller,patricia.miller201@example.com,Business Systems Analyst
003000202,001000171,Thomas,Anderson,thomas.anderson202@example.com,Business Systems Analyst
003000203,001000138,John,White,john.white203@example.com,Program Manager
003000204,001000060,Sandra,Williams,sandra.williams204@example.com,Procurement Manager
003000205,001000189,John,Thomas,john.thomas205@example.com,Business Systems Analyst
003000206,001000005,Jessica,Robinson,jessica.robinson206@example.com,Program Manager
003000207,001000012,Linda,Thompson,linda.thompson207@example.com,Business Systems Analyst
003000208,001000034,James,Garcia,james.garcia208@example.com,Business Systems Analyst
003000209,001000013,Paul,Martinez,paul.martinez209@example.com,VP Supply Chain
003000210,001000117,Karen,Garcia,karen.garcia210@example.com,Program Manager
003000211,001000017,Mark,Clark,mark.clark211@example.com,VP Supply Chain
003000212,001000030,Jessica,Martin,jessica.martin212@example.com,Program Manager
003000213,001000057,Robert,Sanchez,robert.sanchez213@example.com,Financial Analyst
003000214,001000110,William,Sanchez,william.sanchez214@example.com,Sourcing Specialist
003000215,001000174,Richard,Hernandez,richard.hernandez215@example.com,VP Supply Chain
003000216,001000176,Charles,Moore,charles.moore216@example.com,Director of Operations
003000217,001000083,Mark,Sanchez,mark.sanchez217@example.com,Financial Analyst
003000218,001000196,Mary,Jackson,mary.jackson218@example.com,Director of Operations
003000219,001000086,Robert,Brown,robert.brown219@example.com,IT Director
003000220,001000037,Anthony,Wilson,anthony.wilson220@example.com,Director of Operations
003000221,001000179,Barbara,Moore,barbara.moore221@example.com,Director of Operations
003000222,001000113,Linda,Robinson,linda.robinson222@example.com,Program Manager
003000223,001000011,John,Brown,john.brown223@example.com,Business Systems Analyst
003000224,001000157,Richard,Harris,richard.harris224@example.com,Director of Operations
003000225,001000005,Paul,Thomas,paul.thomas225@example.com,VP Supply Chain
003000226,001000002,James,Garcia,james.garcia226@example.com,VP Supply Chain
003000227,001000181,Daniel,Jackson,daniel.jackson227@example.com,IT Director
003000228,001000107,Matthew,Sanchez,matthew.sanchez228@example.com,Category Manager
003000229,001000178,John,Miller,john.miller229@example.com,Director of Operations
003000230,001000164,David,Taylor,david.taylor230@example.com,Category Manager
003000231,001000106,Linda,Garcia,linda.garcia231@example.com,Program Manager
003000232,001000178,Mary,Martin,mary.martin232@example.com,Director of Operations
003000233,001000184,Jessica,Martin,jessica.martin233@example.com,VP Supply Chain
003000234,001000161,Mark,Sanchez,mark.sanchez234@example.com,IT Director
003000235,001000090,Susan,Smith,susan.smith235@example.com,Controller
003000236,001000061,Michael,Brown,michael.brown236@example.com,Controller
003000237,001000025,Karen,Lopez,karen.lopez237@example.com,Controller
003000238,001000130,Linda,Anderson,linda.anderson238@example.com,Business Systems Analyst
003000239,001000169,Michael,Rodriguez,michael.rodriguez239@example.com,Procurement Manager
003000240,001000050,Patricia,Sanchez,patricia.sanchez240@example.com,Director of Operations
003000241,001000176,Margaret,Robinson,margaret.robinson241@example.com,Category Manager
003000242,001000128,Jennifer,Garcia,jennifer.garcia242@example.com,Business Systems Analyst
003000243,001000012,Mary,Lee,mary.lee243@example.com,Chief Nursing Officer
003000244,001000073,Michael,Wilson,michael.wilson244@example.com,IT Director
003000245,001000086,Karen,Sanchez,karen.sanchez245@example.com,Category Manager
003000246,001000012,Patricia,White,patricia.white246@example.com,Procurement Manager
003000247,001000138,Jennifer,Garcia,jennifer.garcia247@example.com,Procurement Manager
003000248,001000125,Thomas,Brown,thomas.brown248@example.com,VP Supply Chain
003000249,001000061,Lisa,Anderson,lisa.anderson249@example.com,Program Manager
003000250,001000149,William,Wilson,william.wilson250@example.com,Financial Analyst
003000251,001000192,Nancy,Lewis,nancy.lewis251@example.com,Chief Nursing Officer
003000252,001000059,Anthony,Brown,anthony.brown252@example.com,Chief Nursing Officer
003000253,001000059,Patricia,Davis,patricia.davis253@example.com,Sourcing Specialist
003000254,001000106,Margaret,Miller,margaret.miller254@example.com,Materials Manager
003000255,001000057,Robert,Thomas,robert.thomas255@example.com,Program Manager
003000256,001000125,Mary,Lewis,mary.lewis256@example.com,Materials Manager
003000257,001000038,Michael,Robinson,michael.robinson257@example.com,Program Manager
003000258,001000117,Jennifer,Gonzalez,jennifer.gonzalez258@example.com,Chief Nursing Officer
003000259,001000035,Joseph,White,joseph.white259@example.com,Financial Analyst
003000260,001000162,Barbara,Rodriguez,barbara.rodriguez260@example.com,Financial Analyst
003000261,001000086,John,Johnson,john.johnson261@example.com,Sourcing Specialist
003000262,001000146,Mary,Rodriguez,mary.rodriguez262@example.com,Director of Operations
003000263,001000029,Margaret,Anderson,margaret.anderson263@example.com,Category Manager
003000264,001000108,Jennifer,Harris,jennifer.harris264@example.com,Chief Nursing Officer
003000265,001000057,Paul,Martinez,paul.martinez265@example.com,Program Manager
003000266,001000041,Betty,Sanchez,betty.sanchez266@example.com,Business Systems Analyst
003000267,001000157,Paul,Garcia,paul.garcia267@example.com,Program Manager
003000268,001000142,Margaret,Davis,margaret.davis268@example.com,VP Supply Chain
003000269,001000106,Margaret,Taylor,margaret.taylor269@example.com,Category Manager
003000270,001000056,Charles,Thomas,charles.thomas270@example.com,Category Manager
003000271,001000072,James,White,james.white271@example.com,Materials Manager
003000272,001000189,Margaret,Davis,margaret.davis272@example.com,Financial Analyst
003000273,001000084,Susan,Jackson,susan.jackson273@example.com,Financial Analyst
003000274,001000152,John,Robinson,john.robinson274@example.com,Program Manager
003000275,001000002,Susan,Johnson,susan.johnson275@example.com,Procurement Manager
003000276,001000121,Lisa,Harris,lisa.harris276@example.com,Controller
003000277,001000009,Susan,Taylor,susan.taylor277@example.com,Materials Manager
003000278,001000123,Betty,Sanchez,betty.sanchez278@example.com,Sourcing Specialist
003000279,001000026,Joseph,Thomas,joseph.thomas279@example.com,Financial Analyst
003000280,001000022,Sarah,Harris,sarah.harris280@example.com,Procurement Manager
003000281,001000178,Lisa,Wilson,lisa.wilson281@example.com,Financial Analyst
003000282,001000034,Barbara,Martinez,barbara.martinez282@example.com,Financial Analyst
003000283,001000166,Robert,Smith,robert.smith283@example.com,Category Manager
003000284,001000172,Elizabeth,Garcia,elizabeth.garcia284@example.com,Sourcing Specialist
003000285,001000118,Margaret,Jackson,margaret.jackson285@example.com,Sourcing Specialist
003000286,001000150,James,Anderson,james.anderson286@example.com,Category Manager
003000287,001000198,John,Ramirez,john.ramirez287@example.com,Sourcing Specialist
003000288,001000104,Jennifer,Sanchez,jennifer.sanchez288@example.com,Chief Nursing Officer
003000289,001000161,Joseph,Thompson,joseph.thompson289@example.com,Business Systems Analyst
003000290,001000001,Margaret,Lee,margaret.lee290@example.com,VP Supply Chain
003000291,001000099,Paul,Thompson,paul.thompson291@example.com,Chief Nursing Officer
003000292,001000136,Mary,Martinez,mary.martinez292@example.com,Materials Manager
003000293,001000193,David,Thompson,david.thompson293@example.com,Program Manager
003000294,001000139,Charles,Sanchez,charles.sanchez294@example.com,Financial Analyst
003000295,001000176,Robert,Martin,robert.martin295@example.com,Chief Nursing Officer
003000296,001000189,Sandra,Johnson,sandra.johnson296@example.com,Controller
003000297,001000173,Barbara,Lewis,barbara.lewis297@example.com,Procurement Manager
003000298,001000029,Richard,Lopez,richard.lopez298@example.com,Category Manager
003000299,001000159,Mary,Lopez,mary.lopez299@example.com,Chief Nursing Officer
003000300,001000045,Daniel,Moore,daniel.moore300@example.com,Sourcing Specialist
003000301,001000018,Sarah,Thompson,sarah.thompson301@example.com,Financial Analyst
003000302,001000036,William,Davis,william.davis302@example.com,Controller
003000303,001000030,Daniel,Thomas,daniel.thomas303@example.com,Sourcing Specialist
003000304,001000193,Charles,Ramirez,charles.ramirez304@example.com,Sourcing Specialist
003000305,001000054,Anthony,White,anthony.white305@example.com,Financial Analyst
003000306,001000083,Barbara,Lewis,barbara.lewis306@example.com,IT Director
003000307,001000129,Nancy,Wilson,nancy.wilson307@example.com,IT Director
003000308,001000014,Robert,Lopez,robert.lopez308@example.com,Chief Nursing Officer
003000309,001000116,Jessica,Taylor,jessica.taylor309@example.com,Controller
003000310,001000032,Jessica,Thompson,jessica.thompson310@example.com,Controller
003000311,001000174,Mark,Moore,mark.moore311@example.com,IT Director
003000312,001000116,Karen,Lopez,karen.lopez312@example.com,Business Systems Analyst
003000313,001000178,Betty,Lewis,betty.lewis313@example.com,VP Supply Chain
003000314,001000049,Paul,Lewis,paul.lewis314@example.com,Category Manager
003000315,001000023,Robert,Gonzalez,robert.gonzalez315@example.com,Director of Operations
003000316,001000074,Robert,Brown,robert.brown316@example.com,Director of Operations
003000317,001000071,Patricia,Thompson,patricia.thompson317@example.com,Director of Operations
003000318,001000128,John,Ramirez,john.ramirez318@example.com,Financial Analyst
003000319,001000134,Daniel,Smith,daniel.smith319@example.com,IT Director
003000320,001000107,Nancy,Moore,nancy.moore320@example.com,Director of Operations
003000321,001000122,Barbara,Wilson,barbara.wilson321@example.com,Category Manager
003000322,001000189,Daniel,Smith,daniel.smith322@example.com,IT Director
003000323,001000049,Robert,Smith,robert.smith323@example.com,Financial Analyst
003000324,001000134,Daniel,Hernandez,daniel.hernandez324@example.com,Materials Manager
003000325,001000149,William,Lee,william.lee325@example.com,Business Systems Analyst
003000326,001000084,Jessica,Jackson,jessica.jackson326@example.com,Business Systems Analyst
003000327,001000179,Thomas,Clark,thomas.clark327@example.com,Controller
003000328,001000114,Joseph,Martinez,joseph.martinez328@example.com,Program Manager
003000329,001000034,Paul,Sanchez,paul.sanchez329@example.com,IT Director
003000330,001000044,Betty,Rodriguez,betty.rodriguez330@example.com,Financial Analyst
003000331,001000124,Barbara,Martinez,barbara.martinez331@example.com,Procurement Manager
003000332,001000038,Barbara,Martinez,barbara.martinez332@example.com,Category Manager
003000333,001000043,Karen,Robinson,karen.robinson333@example.com,Director of Operations
003000334,001000183,Sarah,Martinez,sarah.martinez334@example.com,Director of Operations
003000335,001000045,Mark,Thompson,mark.thompson335@example.com,Sourcing Specialist
003000336,001000171,Betty,Jones,betty.jones336@example.com,Director of Operations
003000337,001000061,Patricia,Johnson,patricia.johnson337@example.com,Chief Nursing Officer
003000338,001000148,John,Anderson,john.anderson338@example.com,IT Director
003000339,001000095,Jennifer,Miller,jennifer.miller339@example.com,Controller
003000340,001000182,Mary,Perez,mary.perez340@example.com,Chief Nursing Officer
003000341,001000089,John,Lopez,john.lopez341@example.com,Category Manager
003000342,001000139,Jennifer,Moore,jennifer.moore342@example.com,IT Director
003000343,001000032,Sandra,Smith,sandra.smith343@example.com,Materials Manager
003000344,001000128,Anthony,Jones,anthony.jones344@example.com,Category Manager
003000345,001000082,John,Smith,john.smith345@example.com,Sourcing Specialist
003000346,001000140,Thomas,Hernandez,thomas.hernandez346@example.com,Business Systems Analyst
003000347,001000181,Elizabeth,Thomas,elizabeth.thomas347@example.com,IT Director
003000348,001000194,Charles,Perez,charles.perez348@example.com,Director of Operations
003000349,001000145,Lisa,Robinson,lisa.robinson349@example.com,Category Manager
003000350,001000087,Matthew,Brown,matthew.brown350@example.com,Sourcing Specialist
003000351,001000123,Paul,Johnson,paul.johnson351@example.com,Director of Operations
003000352,001000174,Sarah,Brown,sarah.brown352@example.com,IT Director
003000353,001000007,Richard,Martin,richard.martin353@example.com,Financial Analyst
003000354,001000115,Barbara,Williams,barbara.williams354@example.com,Chief Nursing Officer
003000355,001000015,Karen,Lee,karen.lee355@example.com,Financial Analyst
003000356,001000150,Thomas,Davis,thomas.davis356@example.com,IT Director
003000357,001000051,James,Williams,james.williams357@example.com,Controller
003000358,001000115,Nancy,Perez,nancy.perez358@example.com,VP Supply Chain
003000359,001000132,Richard,Miller,richard.miller359@example.com,Category Manager
003000360,001000082,Karen,Martin,karen.martin360@example.com,Controller
003000361,001000015,Sandra,Perez,sandra.perez361@example.com,Chief Nursing Officer
003000362,001000102,John,Thompson,john.thompson362@example.com,Materials Manager
003000363,001000095,Richard,Lopez,richard.lopez363@example.com,Procurement Manager
003000364,001000073,Barbara,Lopez,barbara.lopez364@example.com,IT Director
003000365,001000115,Margaret,Moore,margaret.moore365@example.com,VP Supply Chain
003000366,001000056,Lisa,Lewis,lisa.lewis366@example.com,Category Manager
003000367,001000190,Susan,Sanchez,susan.sanchez367@example.com,Category Manager
003000368,001000074,Jennifer,Sanchez,jennifer.sanchez368@example.com,Sourcing Specialist
003000369,001000109,Lisa,Lewis,lisa.lewis369@example.com,Materials Manager
003000370,001000036,Mark,Jackson,mark.jackson370@example.com,Program Manager
003000371,001000023,John,Miller,john.miller371@example.com,IT Director
003000372,001000122,Margaret,Taylor,margaret.taylor372@example.com,Chief Nursing Officer
003000373,001000017,Sandra,Jackson,sandra.jackson373@example.com,Materials Manager
003000374,001000023,James,Wilson,james.wilson374@example.com,Business Systems Analyst
003000375,001000070,Susan,Garcia,susan.garcia375@example.com,Controller
003000376,001000119,Matthew,Jackson,matthew.jackson376@example.com,Director of Operations
003000377,001000052,Jennifer,Clark,jennifer.clark377@example.com,Materials Manager
003000378,001000075,Sarah,Thomas,sarah.thomas378@example.com,Procurement Manager
003000379,001000078,Mark,Jackson,mark.jackson379@example.com,IT Director
003000380,001000127,Sarah,White,sarah.white380@example.com,Category Manager
003000381,001000058,James,Sanchez,james.sanchez381@example.com,Procurement Manager
003000382,001000040,David,Martinez,david.martinez382@example.com,Business Systems Analyst
003000383,001000163,Jessica,Brown,jessica.brown383@example.com,Business Systems Analyst
003000384,001000171,Paul,Martinez,paul.martinez384@example.com,Materials Manager
003000385,001000046,Jessica,Robinson,jessica.robinson385@example.com,Sourcing Specialist
003000386,001000166,Linda,Smith,linda.smith386@example.com,VP Supply Chain
003000387,001000196,David,Thomas,david.thomas387@example.com,VP Supply Chain
003000388,001000154,Lisa,Lopez,lisa.lopez388@example.com,Program Manager
003000389,001000124,Charles,Wilson,charles.wilson389@example.com,IT Director
003000390,001000161,Nancy,Thomas,nancy.thomas390@example.com,Sourcing Specialist
003000391,001000031,Barbara,Taylor,barbara.taylor391@example.com,Sourcing Specialist
003000392,001000148,James,Ramirez,james.ramirez392@example.com,IT Director
003000393,001000042,Charles,Johnson,charles.johnson393@example.com,Director of Operations
003000394,001000082,Joseph,Lewis,joseph.lewis394@example.com,Sourcing Specialist
003000395,001000035,Barbara,Garcia,barbara.garcia395@example.com,Procurement Manager
003000396,001000070,Barbara,Wilson,barbara.wilson396@example.com,Business Systems Analyst
003000397,001000092,Mary,Martinez,mary.martinez397@example.com,IT Director
003000398,001000136,Daniel,Robinson,daniel.robinson398@example.com,VP Supply Chain
003000399,001000132,Michael,Harris,michael.harris399@example.com,Business Systems Analyst
003000400,001000047,Anthony,Brown,anthony.brown400@example.com,Program Manager
003000401,001000193,Jennifer,Moore,jennifer.moore401@example.com,Chief Nursing Officer
003000402,001000081,Mark,Ramirez,mark.ramirez402@example.com,Business Systems Analyst
003000403,001000078,David,Perez,david.perez403@example.com,Sourcing Specialist
003000404,001000177,Barbara,Brown,barbara.brown404@example.com,Controller
003000405,001000149,Barbara,Clark,barbara.clark405@example.com,Director of Operations
003000406,001000004,John,Taylor,john.taylor406@example.com,IT Director
003000407,001000096,Anthony,Thomas,anthony.thomas407@example.com,Materials Manager
003000408,001000088,Sandra,Robinson,sandra.robinson408@example.com,Director of Operations
003000409,001000027,Michael,Jones,michael.jones409@example.com,Controller
003000410,001000057,Mark,Miller,mark.miller410@example.com,Controller
003000411,001000158,Matthew,Clark,matthew.clark411@example.com,Controller
003000412,001000137,Matthew,Moore,matthew.moore412@example.com,Sourcing Specialist
003000413,001000194,Betty,Brown,betty.brown413@example.com,Materials Manager
003000414,001000118,Sandra,Williams,sandra.williams414@example.com,VP Supply Chain
003000415,001000034,Sandra,Smith,sandra.smith415@example.com,Category Manager
003000416,001000090,Elizabeth,Thompson,elizabeth.thompson416@example.com,Chief Nursing Officer
003000417,001000036,Mark,Anderson,mark.anderson417@example.com,Program Manager
003000418,001000134,Anthony,Hernandez,anthony.hernandez418@example.com,Director of Operations
003000419,001000182,Elizabeth,Smith,elizabeth.smith419@example.com,Sourcing Specialist
003000420,001000031,Linda,Jones,linda.jones420@example.com,Sourcing Specialist
003000421,001000037,Matthew,Davis,matthew.davis421@example.com,IT Director
003000422,001000033,Michael,Jones,michael.jones422@example.com,VP Supply Chain
003000423,001000109,Matthew,Harris,matthew.harris423@example.com,VP Supply Chain
003000424,001000020,James,Harris,james.harris424@example.com,Category Manager
003000425,001000194,Susan,Johnson,susan.johnson425@example.com,Financial Analyst
003000426,001000028,Mary,Sanchez,mary.sanchez426@example.com,Business Systems Analyst
003000427,001000132,Charles,Johnson,charles.johnson427@example.com,Category Manager
003000428,001000031,Sandra,Rodriguez,sandra.rodriguez428@example.com,Procurement Manager
003000429,001000017,Elizabeth,Perez,elizabeth.perez429@example.com,Procurement Manager
003000430,001000194,Patricia,Sanchez,patricia.sanchez430@example.com,VP Supply Chain
003000431,001000155,Michael,Jackson,michael.jackson431@example.com,Financial Analyst
003000432,001000048,Nancy,Lopez,nancy.lopez432@example.com,Procurement Manager
003000433,001000024,John,Ramirez,john.ramirez433@example.com,Sourcing Specialist
003000434,001000072,Charles,Lopez,charles.lopez434@example.com,Chief Nursing Officer
003000435,001000042,Margaret,Taylor,margaret.taylor435@example.com,Sourcing Specialist
003000436,001000157,Linda,Taylor,linda.taylor436@example.com,Program Manager
003000437,001000018,Patricia,Clark,patricia.clark437@example.com,Program Manager
003000438,001000196,James,Taylor,james.taylor438@example.com,Financial Analyst
003000439,001000184,Michael,Martinez,michael.martinez439@example.com,Director of Operations
003000440,001000194,Sarah,Smith,sarah.smith440@example.com,Sourcing Specialist
003000441,001000026,Sandra,Miller,sandra.miller441@example.com,Controller
003000442,001000182,Jessica,Lopez,jessica.lopez442@example.com,Sourcing Specialist
003000443,001000151,Jennifer,Anderson,jennifer.anderson443@example.com,Business Systems Analyst
003000444,001000028,Jennifer,Clark,jennifer.clark444@example.com,Chief Nursing Officer
003000445,001000098,Susan,Miller,susan.miller445@example.com,Controller
003000446,001000059,Susan,Brown,susan.brown446@example.com,Chief Nursing Officer
003000447,001000032,Joseph,Brown,joseph.brown447@example.com,Controller
003000448,001000035,Jessica,Harris,jessica.harris448@example.com,Chief Nursing Officer
003000449,001000181,Elizabeth,Moore,elizabeth.moore449@example.com,Sourcing Specialist
003000450,001000011,Robert,Hernandez,robert.hernandez450@example.com,Category Manager
003000451,001000030,Richard,Martinez,richard.martinez451@example.com,Category Manager
003000452,001000154,Lisa,Martinez,lisa.martinez452@example.com,Business Systems Analyst
003000453,001000114,Linda,Moore,linda.moore453@example.com,Materials Manager
003000454,001000075,Margaret,Wilson,margaret.wilson454@example.com,Financial Analyst
003000455,001000018,Paul,Clark,paul.clark455@example.com,Category Manager
003000456,001000174,Barbara,Garcia,barbara.garcia456@example.com,Procurement Manager
003000457,001000173,Jessica,Perez,jessica.perez457@example.com,VP Supply Chain
003000458,001000102,Joseph,Taylor,joseph.taylor458@example.com,Business Systems Analyst
003000459,001000174,Robert,Brown,robert.brown459@example.com,Director of Operations
003000460,001000102,Richard,Thompson,richard.thompson460@example.com,Program Manager
003000461,001000027,Lisa,Robinson,lisa.robinson461@example.com,Director of Operations
003000462,001000017,Barbara,Miller,barbara.miller462@example.com,Chief Nursing Officer
003000463,001000052,Karen,Ramirez,karen.ramirez463@example.com,Materials Manager
003000464,001000032,Linda,Clark,linda.clark464@example.com,Materials Manager
003000465,001000186,Jessica,Rodriguez,jessica.rodriguez465@example.com,Sourcing Specialist
003000466,001000197,Charles,Jackson,charles.jackson466@example.com,IT Director
003000467,001000194,Betty,Sanchez,betty.sanchez467@example.com,Business Systems Analyst
003000468,001000103,Barbara,Thomas,barbara.thomas468@example.com,Business Systems Analyst
003000469,001000155,Richard,Thomas,richard.thomas469@example.com,Controller
003000470,001000072,John,Harris,john.harris470@example.com,Category Manager
003000471,001000028,Patricia,Rodriguez,patricia.rodriguez471@example.com,Category Manager
003000472,001000128,Linda,Lee,linda.lee472@example.com,Director of Operations
003000473,001000008,Patricia,White,patricia.white473@example.com,Procurement Manager
003000474,001000018,Jessica,Perez,jessica.perez474@example.com,Procurement Manager
003000475,001000046,Richard,Martin,richard.martin475@example.com,Business Systems Analyst
003000476,001000084,John,Martinez,john.martinez476@example.com,Program Manager
003000477,001000160,Patricia,Harris,patricia.harris477@example.com,VP Supply Chain
003000478,001000170,Anthony,Taylor,anthony.taylor478@example.com,Category Manager
003000479,001000120,Michael,Martinez,michael.martinez479@example.com,Business Systems Analyst
003000480,001000128,Jessica,Taylor,jessica.taylor480@example.com,IT Director
003000481,001000139,William,Sanchez,william.sanchez481@example.com,Controller
003000482,001000140,James,Harris,james.harris482@example.com,Procurement Manager
003000483,001000111,Paul,Robinson,paul.robinson483@example.com,VP Supply Chain
003000484,001000099,Joseph,Hernandez,joseph.hernandez484@example.com,Materials Manager
003000485,001000114,Joseph,Johnson,joseph.johnson485@example.com,Procurement Manager
003000486,001000046,Sarah,Perez,sarah.perez486@example.com,IT Director
003000487,001000181,Jennifer,Thomas,jennifer.thomas487@example.com,Materials Manager
003000488,001000035,Elizabeth,Thompson,elizabeth.thompson488@example.com,Materials Manager
003000489,001000125,Anthony,Brown,anthony.brown489@example.com,Program Manager
003000490,001000173,Jessica,Perez,jessica.perez490@example.com,Controller
003000491,001000176,Sarah,Jackson,sarah.jackson491@example.com,Category Manager
003000492,001000122,Sarah,Ramirez,sarah.ramirez492@example.com,Director of Operations
003000493,001000130,Mary,Gonzalez,mary.gonzalez493@example.com,IT Director
003000494,001000127,Charles,Gonzalez,charles.gonzalez494@example.com,Program Manager
003000495,001000174,Barbara,Harris,barbara.harris495@example.com,IT Director
003000496,001000083,Mary,Smith,mary.smith496@example.com,Program Manager
003000497,001000012,John,Clark,john.clark497@example.com,Chief Nursing Officer
003000498,001000090,Betty,White,betty.white498@example.com,Program Manager
003000499,001000007,Anthony,Lewis,anthony.lewis499@example.com,Business Systems Analyst
003000500,001000088,Richard,Brown,richard.brown500@example.com,Materials Manager
